IP_Address,Activity_Type,Resource_Accessed,File_Name,Action,Login_Attempts,File_Size,Anomaly_Type,Label,Hour,Day,Month,DayOfWeek,Time_Diff,IP_Frequency,Predicted_Label
809,2,14,3,0,0.0,30.66,1,Suspicious,12,27,9,4,3261.589841,1,Suspicious
2999,6,29,0,4,0.0,0.0,0,Suspicious,15,2,10,2,,1,Suspicious
6018,2,19,2,3,0.0,21.61,1,Suspicious,14,13,9,4,,1,Suspicious
5108,1,17,6,2,0.0,21.84,0,Suspicious,7,5,10,5,485562.471128,1,Suspicious
2225,1,34,5,4,0.0,46.88,2,Suspicious,16,26,9,3,,1,Suspicious
6969,5,7,0,4,1.0,0.0,1,Suspicious,12,2,10,2,,1,Suspicious
3143,0,6,1,1,0.0,21.53,0,Suspicious,23,19,9,3,,1,Suspicious
5303,2,20,3,3,0.0,46.08,1,Suspicious,20,2,10,2,,1,Suspicious
793,3,27,0,3,3.0,0.0,2,Suspicious,13,17,9,1,,1,Suspicious
5123,0,27,4,0,0.0,6.19,1,Suspicious,15,4,10,4,1822101.744889,1,Suspicious
320,5,7,0,4,5.0,0.0,1,Suspicious,6,30,9,0,,1,Suspicious
1763,1,8,3,6,0.0,3.96,0,Suspicious,21,25,9,2,423927.110363,1,Suspicious
4171,1,3,4,6,0.0,30.53,1,Suspicious,13,28,9,5,,1,Suspicious
6562,5,22,0,1,5.0,0.0,0,Suspicious,3,18,9,2,151106.289504,1,Suspicious
1078,5,21,0,4,3.0,0.0,4,Suspicious,15,21,9,5,,1,Suspicious
5080,3,25,0,0,2.0,0.0,1,Suspicious,17,2,10,2,563781.916546,1,Suspicious
5939,6,1,0,6,0.0,0.0,0,Suspicious,17,13,9,4,,1,Suspicious
235,0,9,4,2,0.0,11.86,2,Suspicious,22,1,10,1,,1,Suspicious
3752,0,4,5,6,0.0,25.31,0,Suspicious,13,1,10,1,13541.461394,1,Suspicious
933,5,8,0,3,6.0,0.0,1,Suspicious,17,5,10,5,,1,Suspicious
206,6,10,0,0,0.0,0.0,4,Suspicious,5,25,9,2,730520.82032,1,Suspicious
6014,0,19,2,5,0.0,7.71,0,Suspicious,3,27,9,4,,1,Suspicious
3195,5,3,0,6,3.0,0.0,0,Suspicious,1,30,9,0,1077711.938631,1,Suspicious
6949,5,31,0,5,3.0,0.0,2,Suspicious,22,1,10,1,,1,Suspicious
2247,4,15,0,4,0.0,0.0,4,Suspicious,23,24,9,1,,1,Suspicious
1401,1,22,5,2,0.0,32.63,4,Suspicious,1,8,10,1,,1,Suspicious
6297,2,10,5,4,0.0,42.17,1,Suspicious,7,13,9,4,,1,Suspicious
2089,0,29,6,3,0.0,32.58,1,Suspicious,19,1,10,1,1286860.234902,1,Suspicious
939,2,33,4,2,0.0,11.48,4,Suspicious,3,25,9,2,846161.094963,1,Suspicious
6164,2,29,6,1,0.0,12.66,1,Suspicious,16,25,9,2,,1,Suspicious
2704,0,25,2,6,0.0,15.09,2,Suspicious,14,19,9,3,,1,Suspicious
6151,1,16,5,0,0.0,40.55,0,Suspicious,10,26,9,3,,1,Suspicious
1823,6,15,0,1,0.0,0.0,2,Suspicious,15,10,10,3,,1,Suspicious
5880,3,8,0,6,5.0,0.0,1,Suspicious,11,22,9,6,,1,Suspicious
2556,5,30,0,6,2.0,0.0,1,Suspicious,15,29,9,6,,1,Suspicious
6873,2,34,5,1,0.0,37.09,1,Suspicious,0,12,10,5,2395343.910963,1,Suspicious
3457,3,3,0,6,2.0,0.0,2,Suspicious,4,12,10,5,649609.965468,1,Suspicious
1277,3,6,0,5,3.0,0.0,4,Suspicious,8,4,10,4,,1,Suspicious
1115,5,18,0,1,8.0,0.0,0,Suspicious,4,17,9,1,,1,Suspicious
5833,0,13,2,5,0.0,43.97,1,Suspicious,19,19,9,3,,1,Suspicious
2478,0,31,2,1,0.0,44.11,4,Suspicious,16,2,10,2,,1,Suspicious
3697,3,4,0,0,3.0,0.0,0,Suspicious,1,23,9,0,,1,Suspicious
5780,1,33,4,4,0.0,39.14,1,Suspicious,18,14,9,5,,1,Suspicious
6690,1,5,6,4,0.0,19.41,2,Suspicious,4,4,10,4,,1,Suspicious
2034,6,31,0,0,0.0,0.0,2,Suspicious,3,7,10,0,,1,Suspicious
1392,4,12,0,3,0.0,0.0,2,Suspicious,12,2,10,2,1265057.17684,1,Suspicious
5584,1,12,1,1,0.0,10.86,4,Suspicious,18,2,10,2,,1,Suspicious
6191,5,35,0,6,8.0,0.0,2,Suspicious,8,14,9,5,,1,Suspicious
3423,3,27,0,2,4.0,0.0,4,Suspicious,9,16,9,0,,1,Suspicious
391,2,25,2,5,0.0,23.11,2,Suspicious,22,16,9,0,,1,Suspicious
5818,2,6,1,2,0.0,43.05,0,Suspicious,11,17,9,1,,1,Suspicious
6583,2,8,3,2,0.0,4.57,4,Suspicious,13,25,9,2,772761.272455,1,Suspicious
2375,6,17,0,5,0.0,0.0,2,Suspicious,13,14,9,5,,1,Suspicious
12,2,18,1,1,0.0,18.6,4,Suspicious,23,26,9,3,,1,Suspicious
1672,1,13,2,5,0.0,27.59,2,Suspicious,23,25,9,2,395188.812101,1,Suspicious
2120,0,17,6,1,0.0,16.94,4,Suspicious,7,26,9,3,767585.880133,1,Suspicious
4286,5,11,0,4,6.0,0.0,0,Suspicious,18,17,9,1,,1,Suspicious
6414,2,26,3,4,0.0,44.08,4,Suspicious,1,27,9,4,115131.652234,1,Suspicious
4303,0,24,1,1,0.0,41.04,2,Suspicious,6,25,9,2,,1,Suspicious
3707,2,27,4,1,0.0,23.75,2,Suspicious,19,18,9,2,447190.25588,1,Suspicious
355,2,0,1,2,0.0,42.47,2,Suspicious,11,7,10,0,,1,Suspicious
7271,1,26,3,0,0.0,19.71,2,Suspicious,21,29,9,6,694057.071543,1,Suspicious
6058,0,13,2,0,0.0,13.66,4,Suspicious,11,10,10,3,620799.450298,1,Suspicious
4627,6,21,0,2,0.0,0.0,2,Suspicious,18,11,10,4,1034342.937388,1,Suspicious
231,1,31,2,2,0.0,18.46,2,Suspicious,21,28,9,5,,1,Suspicious
3447,6,9,0,5,0.0,0.0,1,Suspicious,21,12,9,3,,1,Suspicious
1470,1,4,5,0,0.0,33.79,4,Suspicious,3,21,9,5,,1,Suspicious
5734,0,9,4,3,0.0,5.39,0,Suspicious,20,22,9,6,71953.454636,1,Suspicious
5300,5,14,0,1,9.0,0.0,0,Suspicious,6,24,9,1,560762.407562,1,Suspicious
4365,0,3,4,5,0.0,17.56,0,Suspicious,23,13,9,4,,1,Suspicious
4145,5,10,0,6,3.0,0.0,1,Suspicious,22,2,10,2,904800.519196,1,Suspicious
3247,4,16,0,3,0.0,0.0,1,Suspicious,5,12,10,5,1346302.69665,1,Suspicious
6377,4,7,0,4,0.0,0.0,1,Suspicious,6,24,9,1,,1,Suspicious
1133,2,29,6,0,0.0,36.15,2,Suspicious,4,27,9,4,,1,Suspicious
4437,5,11,0,4,10.0,0.0,1,Suspicious,7,25,9,2,,1,Suspicious
5761,4,32,0,6,0.0,0.0,0,Suspicious,5,6,10,6,216893.82693,1,Suspicious
5770,5,7,0,1,1.0,0.0,4,Suspicious,20,11,10,4,1175181.172142,1,Suspicious
5340,3,6,0,3,2.0,0.0,0,Suspicious,0,6,10,6,,1,Suspicious
1361,1,3,4,6,0.0,48.65,4,Suspicious,23,3,10,3,,1,Suspicious
107,6,31,0,2,0.0,0.0,0,Suspicious,12,9,10,2,166717.850986,1,Suspicious
4957,6,9,0,2,0.0,0.0,2,Suspicious,9,11,10,4,,1,Suspicious
7332,6,29,0,1,0.0,0.0,2,Suspicious,8,28,9,5,,2,Suspicious
2129,5,10,0,0,10.0,0.0,1,Suspicious,17,18,9,2,,1,Suspicious
3887,5,4,0,4,4.0,0.0,4,Suspicious,20,18,9,2,,1,Suspicious
5889,2,35,6,0,0.0,18.43,2,Suspicious,11,21,9,5,,1,Suspicious
6209,1,34,5,3,0.0,29.77,1,Suspicious,5,1,10,1,154121.204366,1,Suspicious
6073,5,32,0,4,3.0,0.0,0,Suspicious,23,2,10,2,,1,Suspicious
4790,4,5,0,5,0.0,0.0,0,Suspicious,19,10,10,3,,1,Suspicious
3955,5,33,0,5,9.0,0.0,0,Suspicious,8,11,10,4,506736.187046,1,Suspicious
5901,3,23,0,4,9.0,0.0,2,Suspicious,19,18,9,2,,1,Suspicious
6233,2,4,5,0,0.0,39.53,0,Suspicious,1,1,10,1,1154627.204021,1,Suspicious
1824,6,10,0,2,0.0,0.0,4,Suspicious,4,8,10,1,820640.826241,1,Suspicious
1709,0,14,3,1,0.0,34.49,0,Suspicious,14,18,9,2,247765.762781,1,Suspicious
4590,3,1,0,5,6.0,0.0,0,Suspicious,19,2,10,2,,1,Suspicious
6865,6,25,0,5,0.0,0.0,0,Suspicious,16,13,9,4,,1,Suspicious
3089,1,15,4,2,0.0,34.46,1,Suspicious,12,22,9,6,,1,Suspicious
4441,4,27,0,4,0.0,0.0,1,Suspicious,14,30,9,0,165573.459208,1,Suspicious
1620,5,7,0,6,7.0,0.0,1,Suspicious,16,7,10,0,1630934.627938,1,Suspicious
1112,6,14,0,5,0.0,0.0,1,Suspicious,20,30,9,0,,1,Suspicious
2985,3,2,0,4,10.0,0.0,0,Suspicious,9,2,10,2,,1,Suspicious
6975,4,15,0,4,0.0,0.0,1,Suspicious,12,12,10,5,215316.908242,1,Suspicious
4655,2,22,5,5,0.0,32.42,1,Suspicious,0,25,9,2,,1,Suspicious
5381,4,14,0,5,0.0,0.0,2,Suspicious,23,28,9,5,356156.659916,1,Suspicious
3039,3,25,0,5,8.0,0.0,2,Suspicious,11,29,9,6,,1,Suspicious
6517,4,18,0,3,0.0,0.0,4,Suspicious,13,30,9,0,801881.95049,1,Suspicious
143,2,25,2,0,0.0,4.86,4,Suspicious,4,5,10,5,,1,Suspicious
6803,1,5,6,1,0.0,43.1,4,Suspicious,11,25,9,2,,1,Suspicious
6264,1,31,2,3,0.0,7.67,1,Suspicious,2,27,9,4,,1,Suspicious
2102,2,16,5,0,0.0,6.64,1,Suspicious,13,10,10,3,145802.954929,1,Suspicious
301,1,3,4,0,0.0,9.72,2,Suspicious,9,28,9,5,,1,Suspicious
7260,0,14,3,5,0.0,3.88,0,Suspicious,0,13,9,4,,1,Suspicious
6128,5,14,0,3,10.0,0.0,4,Suspicious,15,18,9,2,,1,Suspicious
2009,4,29,0,2,0.0,0.0,2,Suspicious,19,29,9,6,,1,Suspicious
5597,1,26,3,0,0.0,28.46,0,Suspicious,16,22,9,6,,1,Suspicious
5997,3,24,0,2,2.0,0.0,2,Suspicious,4,22,9,6,,1,Suspicious
3106,3,30,0,3,4.0,0.0,0,Suspicious,8,8,10,1,1976620.694407,1,Suspicious
4479,2,27,4,4,0.0,44.29,2,Suspicious,6,8,10,1,,1,Suspicious
5922,3,8,0,2,6.0,0.0,4,Suspicious,23,8,10,1,41470.113099,1,Suspicious
2554,2,8,3,4,0.0,8.97,1,Suspicious,11,5,10,5,,1,Suspicious
5461,4,22,0,6,0.0,0.0,0,Suspicious,1,24,9,1,,1,Suspicious
3248,2,15,4,5,0.0,2.82,2,Suspicious,3,23,9,0,,1,Suspicious
2582,0,31,2,1,0.0,46.52,2,Suspicious,23,21,9,5,222484.166969,1,Suspicious
75,0,14,3,0,0.0,7.09,2,Suspicious,3,2,10,2,,1,Suspicious
2872,6,25,0,3,0.0,0.0,0,Suspicious,12,2,10,2,375008.954194,1,Suspicious
3224,4,25,0,0,0.0,0.0,1,Suspicious,10,21,9,5,,1,Suspicious
6981,0,8,3,5,0.0,46.72,0,Suspicious,12,16,9,0,,1,Suspicious
4222,0,28,5,0,0.0,44.93,2,Suspicious,23,27,9,4,271657.558555,1,Suspicious
5255,3,4,0,6,3.0,0.0,4,Suspicious,6,25,9,2,,1,Suspicious
274,2,20,3,4,0.0,4.85,1,Suspicious,9,11,10,4,,1,Suspicious
6381,5,24,0,1,10.0,0.0,2,Suspicious,12,16,9,0,,1,Suspicious
2570,6,2,0,6,0.0,0.0,2,Suspicious,17,12,9,3,,1,Suspicious
4596,2,35,6,2,0.0,35.98,1,Suspicious,12,25,9,2,,1,Suspicious
3044,0,19,2,2,0.0,44.6,0,Suspicious,10,5,10,5,,1,Suspicious
5433,3,18,0,4,2.0,0.0,0,Suspicious,7,4,10,4,588052.093142,1,Suspicious
4854,2,28,5,2,0.0,38.43,4,Suspicious,9,11,10,4,777815.86879,1,Suspicious
610,6,9,0,0,0.0,0.0,2,Suspicious,14,19,9,3,,1,Suspicious
7309,1,11,6,6,0.0,26.25,0,Suspicious,18,20,9,4,,1,Suspicious
4414,3,26,0,0,10.0,0.0,0,Suspicious,17,14,9,5,,1,Suspicious
2344,2,34,5,2,0.0,22.57,4,Suspicious,1,17,9,1,17819.690446,1,Suspicious
4407,2,22,5,4,0.0,39.06,0,Suspicious,17,19,9,3,,1,Suspicious
7284,5,21,0,1,10.0,0.0,0,Suspicious,19,15,9,6,,1,Suspicious
458,6,21,0,6,0.0,0.0,1,Suspicious,12,22,9,6,,1,Suspicious
3119,4,33,0,4,0.0,0.0,4,Suspicious,10,1,10,1,1433198.504436,1,Suspicious
5419,4,33,0,2,0.0,0.0,2,Suspicious,7,25,9,2,964748.42065,1,Suspicious
2333,4,28,0,6,0.0,0.0,2,Suspicious,15,9,10,2,383583.613352,1,Suspicious
2841,1,22,5,2,0.0,39.92,2,Suspicious,23,5,10,5,,1,Suspicious
6518,0,20,3,0,0.0,24.85,4,Suspicious,17,11,10,4,1521170.872112,1,Suspicious
5713,5,28,0,4,4.0,0.0,2,Suspicious,22,14,9,5,,1,Suspicious
1905,6,6,0,2,0.0,0.0,0,Suspicious,21,26,9,3,,1,Suspicious
6284,6,16,0,5,0.0,0.0,2,Suspicious,23,23,9,0,,1,Suspicious
1178,1,35,6,1,0.0,21.23,1,Suspicious,2,28,9,5,,1,Suspicious
426,1,5,6,5,0.0,20.63,0,Suspicious,19,17,9,1,,1,Suspicious
2318,6,27,0,6,0.0,0.0,1,Suspicious,1,6,10,6,1575716.730534,1,Suspicious
1997,0,5,6,2,0.0,12.41,2,Suspicious,5,7,10,0,,1,Suspicious
6221,3,19,0,0,4.0,0.0,0,Suspicious,23,30,9,0,,1,Suspicious
666,0,34,5,6,0.0,49.97,0,Suspicious,5,17,9,1,,1,Suspicious
1107,4,1,0,1,0.0,0.0,2,Suspicious,12,10,10,3,1612637.365288,1,Suspicious
1011,3,10,0,4,3.0,0.0,1,Suspicious,0,5,10,5,848744.323858,1,Suspicious
4897,3,28,0,1,8.0,0.0,0,Suspicious,18,22,9,6,,1,Suspicious
5190,2,33,4,6,0.0,3.96,2,Suspicious,1,14,9,5,,1,Suspicious
6940,6,24,0,4,0.0,0.0,0,Suspicious,18,9,10,2,,1,Suspicious
1501,3,20,0,3,1.0,0.0,4,Suspicious,21,6,10,6,507954.060646,1,Suspicious
460,5,33,0,2,7.0,0.0,0,Suspicious,21,9,10,2,673288.569117,1,Suspicious
6174,5,33,0,1,8.0,0.0,0,Suspicious,6,14,9,5,,1,Suspicious
3117,4,19,0,1,0.0,0.0,2,Suspicious,18,6,10,6,,1,Suspicious
3679,4,24,0,6,0.0,0.0,1,Suspicious,7,13,9,4,,1,Suspicious
1859,6,15,0,5,0.0,0.0,4,Suspicious,7,27,9,4,,1,Suspicious
4506,5,3,0,0,8.0,0.0,2,Suspicious,6,22,9,6,,1,Suspicious
886,4,20,0,1,0.0,0.0,1,Suspicious,8,11,10,4,942948.471205,1,Suspicious
4749,3,22,0,1,4.0,0.0,4,Suspicious,18,1,10,1,1469270.046741,1,Suspicious
2722,0,23,6,0,0.0,18.01,2,Suspicious,4,25,9,2,,1,Suspicious
5448,2,3,4,2,0.0,45.37,1,Suspicious,23,10,10,3,1890641.144946,1,Suspicious
3730,6,0,0,0,0.0,0.0,4,Suspicious,18,15,9,6,,1,Suspicious
5126,1,10,5,6,0.0,45.35,2,Suspicious,8,6,10,6,,1,Suspicious
1539,2,10,5,0,0.0,10.1,2,Suspicious,20,12,9,3,,1,Suspicious
4648,0,14,3,1,0.0,36.69,0,Suspicious,23,12,9,3,,1,Suspicious
4089,5,9,0,5,1.0,0.0,2,Suspicious,22,29,9,6,,1,Suspicious
5871,0,6,1,1,0.0,9.46,0,Suspicious,22,19,9,3,519903.729169,1,Suspicious
6231,5,5,0,0,6.0,0.0,2,Suspicious,2,24,9,1,,1,Suspicious
4690,1,23,6,6,0.0,11.6,1,Suspicious,3,21,9,5,,1,Suspicious
2059,2,4,5,3,0.0,26.58,2,Suspicious,6,2,10,2,,1,Suspicious
3480,4,34,0,4,0.0,0.0,1,Suspicious,12,5,10,5,,1,Suspicious
1527,0,22,5,0,0.0,37.92,2,Suspicious,15,1,10,1,,1,Suspicious
4115,6,21,0,1,0.0,0.0,0,Suspicious,14,1,10,1,713515.42857,1,Suspicious
5557,2,7,2,2,0.0,25.88,1,Suspicious,8,18,9,2,,1,Suspicious
1794,0,26,3,4,0.0,0.24,4,Suspicious,15,10,10,3,,1,Suspicious
7007,0,0,1,4,0.0,47.54,2,Suspicious,14,29,9,6,,1,Suspicious
3755,4,23,0,5,0.0,0.0,0,Suspicious,15,9,10,2,,1,Suspicious
811,3,28,0,3,1.0,0.0,1,Suspicious,21,8,10,1,1613328.824284,1,Suspicious
6207,6,33,0,2,0.0,0.0,2,Suspicious,9,24,9,1,,1,Suspicious
4737,0,32,3,4,0.0,23.8,4,Suspicious,8,15,9,6,,1,Suspicious
5969,6,34,0,3,0.0,0.0,1,Suspicious,2,13,9,4,,1,Suspicious
2885,5,10,0,2,2.0,0.0,1,Suspicious,0,22,9,6,,1,Suspicious
3236,2,3,4,3,0.0,34.71,1,Suspicious,17,23,9,0,,1,Suspicious
3615,2,6,1,2,0.0,15.7,0,Suspicious,22,30,9,0,,1,Suspicious
4661,0,15,4,1,0.0,43.06,0,Suspicious,22,3,10,3,,1,Suspicious
5691,2,28,5,0,0.0,42.58,1,Suspicious,22,30,9,0,745761.858657,1,Suspicious
2031,2,14,3,2,0.0,40.67,0,Suspicious,10,19,9,3,,1,Suspicious
5028,1,32,3,6,0.0,17.06,1,Suspicious,11,14,9,5,,1,Suspicious
6075,6,12,0,0,0.0,0.0,0,Suspicious,22,27,9,4,904575.637076,1,Suspicious
2307,3,4,0,2,8.0,0.0,4,Suspicious,0,25,9,2,,1,Suspicious
2415,3,28,0,6,4.0,0.0,2,Suspicious,19,4,10,4,,1,Suspicious
5366,2,33,4,2,0.0,16.97,1,Suspicious,13,29,9,6,1092367.352038,1,Suspicious
2311,0,5,6,1,0.0,11.13,0,Suspicious,23,2,10,2,620819.540053,1,Suspicious
3371,4,26,0,3,0.0,0.0,0,Suspicious,19,25,9,2,347080.721198,1,Suspicious
1813,5,31,0,3,6.0,0.0,1,Suspicious,10,23,9,0,,1,Suspicious
7126,3,4,0,0,6.0,0.0,2,Suspicious,17,10,10,3,,1,Suspicious
1315,2,26,3,4,0.0,2.84,4,Suspicious,4,9,10,2,206719.376157,1,Suspicious
6308,1,25,2,2,0.0,31.99,2,Suspicious,16,19,9,3,,1,Suspicious
3160,6,18,0,2,0.0,0.0,1,Suspicious,8,8,10,1,,1,Suspicious
1613,3,15,0,6,6.0,0.0,4,Suspicious,22,1,10,1,,1,Suspicious
2285,1,9,4,1,0.0,7.92,1,Suspicious,12,23,9,0,258502.19091,1,Suspicious
2393,1,15,4,5,0.0,44.22,4,Suspicious,7,30,9,0,,1,Suspicious
503,2,17,6,6,0.0,46.11,2,Suspicious,4,5,10,5,590618.593786,1,Suspicious
5917,6,15,0,4,0.0,0.0,4,Suspicious,2,11,10,4,1730394.376174,1,Suspicious
699,4,28,0,1,0.0,0.0,0,Suspicious,7,17,9,1,,1,Suspicious
6819,6,14,0,3,0.0,0.0,0,Suspicious,1,17,9,1,,1,Suspicious
7099,1,24,1,2,0.0,41.46,0,Suspicious,13,18,9,2,,1,Suspicious
3315,5,1,0,6,5.0,0.0,4,Suspicious,17,15,9,6,,1,Suspicious
6438,3,34,0,6,10.0,0.0,4,Suspicious,19,11,10,4,,1,Suspicious
7243,1,9,4,1,0.0,20.9,4,Suspicious,23,22,9,6,,1,Suspicious
2061,5,6,0,5,2.0,0.0,2,Suspicious,17,14,9,5,130431.194722,1,Suspicious
6170,2,13,2,3,0.0,38.78,0,Suspicious,3,24,9,1,860041.632595,1,Suspicious
2240,0,32,3,5,0.0,24.07,1,Suspicious,9,8,10,1,710180.20189,1,Suspicious
4078,0,35,6,3,0.0,30.04,1,Suspicious,22,29,9,6,,1,Suspicious
6039,3,14,0,5,10.0,0.0,2,Suspicious,15,11,10,4,605509.346763,1,Suspicious
5106,3,14,0,0,9.0,0.0,2,Suspicious,19,14,9,5,,1,Suspicious
2647,6,8,0,5,0.0,0.0,2,Suspicious,2,28,9,5,,1,Suspicious
2458,1,22,5,2,0.0,6.21,4,Suspicious,19,2,10,2,651776.771495,1,Suspicious
5674,0,27,4,5,0.0,1.03,2,Suspicious,22,3,10,3,220878.604867,1,Suspicious
295,1,24,1,3,0.0,40.63,2,Suspicious,7,14,9,5,,1,Suspicious
2244,3,31,0,1,3.0,0.0,1,Suspicious,9,9,10,2,2015703.342317,1,Suspicious
435,3,26,0,6,3.0,0.0,0,Suspicious,7,4,10,4,,1,Suspicious
6798,4,6,0,3,0.0,0.0,0,Suspicious,15,26,9,3,1050143.19308,1,Suspicious
5516,2,32,3,4,0.0,35.98,1,Suspicious,12,23,9,0,373097.097277,2,Suspicious
4806,1,16,5,3,0.0,45.83,2,Suspicious,1,24,9,1,,1,Suspicious
6582,2,32,3,2,0.0,23.04,0,Suspicious,19,1,10,1,595392.109932,1,Suspicious
3948,3,31,0,2,4.0,0.0,2,Suspicious,22,26,9,3,,1,Suspicious
755,4,4,0,2,0.0,0.0,1,Suspicious,8,13,9,4,,1,Suspicious
6470,5,3,0,5,1.0,0.0,2,Suspicious,23,17,9,1,,1,Suspicious
2477,0,15,4,3,0.0,36.94,4,Suspicious,1,23,9,0,,1,Suspicious
5695,6,34,0,2,0.0,0.0,0,Suspicious,22,25,9,2,591528.002942,1,Suspicious
771,4,32,0,2,0.0,0.0,0,Suspicious,22,19,9,3,,1,Suspicious
4420,6,27,0,3,0.0,0.0,1,Suspicious,5,17,9,1,,1,Suspicious
1547,5,17,0,2,9.0,0.0,0,Suspicious,19,21,9,5,,1,Suspicious
92,4,27,0,3,0.0,0.0,4,Suspicious,4,9,10,2,,1,Suspicious
1242,4,14,0,2,0.0,0.0,4,Suspicious,23,9,10,2,1149394.996667,1,Suspicious
1483,6,10,0,3,0.0,0.0,1,Suspicious,21,28,9,5,,1,Suspicious
5478,6,13,0,3,0.0,0.0,1,Suspicious,19,4,10,4,936871.538917,1,Suspicious
1253,2,14,3,0,0.0,5.57,1,Suspicious,3,26,9,3,937024.879231,1,Suspicious
4060,6,10,0,0,0.0,0.0,1,Suspicious,7,12,10,5,1577377.096274,1,Suspicious
5077,1,14,3,0,0.0,39.1,1,Suspicious,9,24,9,1,,1,Suspicious
5814,6,6,0,3,0.0,0.0,0,Suspicious,8,29,9,6,,1,Suspicious
3349,0,9,4,4,0.0,46.7,0,Suspicious,21,28,9,5,,1,Suspicious
1227,5,16,0,5,1.0,0.0,1,Suspicious,8,13,9,4,,1,Suspicious
1952,5,20,0,4,4.0,0.0,1,Suspicious,22,26,9,3,,1,Suspicious
1454,1,26,3,0,0.0,36.48,1,Suspicious,6,27,9,4,,1,Suspicious
850,5,13,0,5,3.0,0.0,4,Suspicious,16,25,9,2,,1,Suspicious
6265,2,6,1,6,0.0,6.83,2,Suspicious,7,18,9,2,,1,Suspicious
4617,2,26,3,1,0.0,21.11,2,Suspicious,22,3,10,3,,1,Suspicious
4720,1,23,6,1,0.0,5.14,1,Suspicious,2,24,9,1,,1,Suspicious
2359,2,6,1,6,0.0,36.81,4,Suspicious,11,16,9,0,42440.77777,1,Suspicious
3346,1,4,5,1,0.0,30.17,2,Suspicious,6,22,9,6,,1,Suspicious
5263,4,9,0,0,0.0,0.0,2,Suspicious,15,23,9,0,279312.137321,1,Suspicious
5361,4,34,0,3,0.0,0.0,1,Suspicious,11,12,10,5,,1,Suspicious
1871,3,8,0,5,1.0,0.0,0,Suspicious,3,9,10,2,1425817.817154,1,Suspicious
1416,2,12,1,4,0.0,34.9,4,Suspicious,14,20,9,4,,1,Suspicious
3607,3,6,0,6,2.0,0.0,0,Suspicious,4,22,9,6,,1,Suspicious
6662,2,3,4,4,0.0,37.24,1,Suspicious,4,15,9,6,,1,Suspicious
1331,2,16,5,0,0.0,12.18,0,Suspicious,19,3,10,3,,1,Suspicious
3918,6,25,0,5,0.0,0.0,2,Suspicious,0,6,10,6,1628944.397906,1,Suspicious
6259,1,0,1,3,0.0,45.07,1,Suspicious,22,25,9,2,,1,Suspicious
1128,5,19,0,1,10.0,0.0,2,Suspicious,7,6,10,6,,1,Suspicious
734,2,21,4,5,0.0,33.75,1,Suspicious,10,11,10,4,,1,Suspicious
6090,2,19,2,5,0.0,39.36,4,Suspicious,6,29,9,6,,1,Suspicious
382,1,24,1,1,0.0,20.32,2,Suspicious,16,22,9,6,,1,Suspicious
5476,1,0,1,1,0.0,43.37,1,Suspicious,22,13,9,4,,1,Suspicious
827,0,30,1,3,0.0,22.0,1,Suspicious,16,4,10,4,,1,Suspicious
1929,6,20,0,3,0.0,0.0,0,Suspicious,13,2,10,2,1226004.056923,1,Suspicious
5658,4,15,0,3,0.0,0.0,2,Suspicious,16,9,10,2,1918735.383505,1,Suspicious
3604,4,35,0,0,0.0,0.0,0,Suspicious,17,28,9,5,,1,Suspicious
6668,1,24,1,3,0.0,0.69,0,Suspicious,7,17,9,1,,1,Suspicious
3766,4,9,0,6,0.0,0.0,4,Suspicious,22,24,9,1,,1,Suspicious
7298,1,13,2,1,0.0,12.58,0,Suspicious,16,25,9,2,,1,Suspicious
429,6,28,0,4,0.0,0.0,4,Suspicious,17,1,10,1,1532722.787728,1,Suspicious
4372,6,26,0,6,0.0,0.0,1,Suspicious,0,11,10,4,110016.863258,1,Suspicious
5857,5,0,0,5,10.0,0.0,2,Suspicious,12,29,9,6,,1,Suspicious
4023,6,29,0,3,0.0,0.0,2,Suspicious,19,29,9,6,,1,Suspicious
1195,4,32,0,4,0.0,0.0,2,Suspicious,8,3,10,3,,1,Suspicious
3387,0,12,1,0,0.0,33.75,2,Suspicious,21,24,9,1,,1,Suspicious
738,5,20,0,2,1.0,0.0,0,Suspicious,4,20,9,4,,1,Suspicious
1960,1,7,2,2,0.0,25.95,4,Suspicious,16,4,10,4,,1,Suspicious
6104,1,17,6,5,0.0,47.39,0,Suspicious,9,9,10,2,622075.993935,1,Suspicious
4975,1,27,4,3,0.0,25.24,4,Suspicious,0,15,9,6,,1,Suspicious
5025,0,3,4,3,0.0,24.68,2,Suspicious,5,10,10,3,,1,Suspicious
5887,2,8,3,2,0.0,8.43,2,Suspicious,20,22,9,6,,1,Suspicious
2261,4,29,0,3,0.0,0.0,2,Suspicious,2,30,9,0,,1,Suspicious
2309,3,15,0,0,9.0,0.0,1,Suspicious,14,1,10,1,,1,Suspicious
641,5,0,0,6,4.0,0.0,0,Suspicious,11,11,10,4,,1,Suspicious
1120,3,18,0,0,7.0,0.0,1,Suspicious,19,8,10,1,370781.558398,1,Suspicious
6499,1,18,1,6,0.0,13.73,4,Suspicious,2,15,9,6,,1,Suspicious
2216,5,11,0,5,9.0,0.0,4,Suspicious,12,11,10,4,1770566.266572,1,Suspicious
6649,3,9,0,5,5.0,0.0,1,Suspicious,15,18,9,2,485558.248496,1,Suspicious
1686,0,24,1,4,0.0,1.84,1,Suspicious,4,21,9,5,720625.078913,1,Suspicious
7050,4,2,0,6,0.0,0.0,4,Suspicious,8,9,10,2,,1,Suspicious
5799,4,4,0,6,0.0,0.0,4,Suspicious,14,7,10,0,232492.216495,1,Suspicious
5832,3,26,0,1,6.0,0.0,1,Suspicious,2,19,9,3,306815.806569,1,Suspicious
583,0,18,1,1,0.0,11.08,4,Suspicious,1,22,9,6,356637.239674,1,Suspicious
4036,3,26,0,3,3.0,0.0,2,Suspicious,19,16,9,0,,1,Suspicious
5114,6,29,0,1,0.0,0.0,2,Suspicious,16,28,9,5,,1,Suspicious
2702,4,23,0,4,0.0,0.0,1,Suspicious,20,2,10,2,,1,Suspicious
7312,5,23,0,6,10.0,0.0,1,Suspicious,13,14,9,5,,1,Suspicious
7310,3,12,0,5,10.0,0.0,0,Suspicious,7,3,10,3,1475255.987821,1,Suspicious
4639,5,28,0,1,1.0,0.0,1,Suspicious,10,1,10,1,619144.105502,1,Suspicious
4818,2,1,2,4,0.0,35.83,2,Suspicious,18,6,10,6,1330451.44912,1,Suspicious
5193,4,9,0,5,0.0,0.0,0,Suspicious,4,4,10,4,684117.702194,1,Suspicious
2317,3,18,0,6,5.0,0.0,2,Suspicious,18,11,10,4,,1,Suspicious
4128,5,29,0,4,9.0,0.0,4,Suspicious,0,26,9,3,447152.35888,1,Suspicious
6647,0,6,1,5,0.0,48.44,1,Suspicious,20,8,10,1,408311.627125,1,Suspicious
240,0,21,4,6,0.0,21.65,4,Suspicious,1,22,9,6,469679.018695,1,Suspicious
2331,6,26,0,5,0.0,0.0,2,Suspicious,11,22,9,6,,1,Suspicious
1015,2,28,5,4,0.0,16.36,4,Suspicious,3,23,9,0,,1,Suspicious
3558,1,26,3,4,0.0,10.64,0,Suspicious,14,1,10,1,,1,Suspicious
1339,4,25,0,4,0.0,0.0,4,Suspicious,2,7,10,0,1381491.060138,1,Suspicious
4296,0,28,5,0,0.0,11.56,2,Suspicious,1,4,10,4,,1,Suspicious
2170,5,12,0,2,9.0,0.0,4,Suspicious,9,26,9,3,1178555.394053,1,Suspicious
564,1,4,5,6,0.0,7.34,2,Suspicious,7,16,9,0,,1,Suspicious
1912,6,1,0,3,0.0,0.0,2,Suspicious,4,13,9,4,,1,Suspicious
5428,1,8,3,4,0.0,42.34,1,Suspicious,13,9,10,2,,1,Suspicious
5763,3,32,0,1,7.0,0.0,0,Suspicious,13,15,9,6,,1,Suspicious
331,2,6,1,2,0.0,29.54,0,Suspicious,12,30,9,0,,1,Suspicious
10,4,20,0,0,0.0,0.0,0,Suspicious,0,16,9,0,,1,Suspicious
3254,6,17,0,4,0.0,0.0,0,Suspicious,6,9,10,2,962001.689714,1,Suspicious
3029,4,27,0,0,0.0,0.0,2,Suspicious,17,27,9,4,,1,Suspicious
5926,6,27,0,6,0.0,0.0,4,Suspicious,13,10,10,3,1908569.889642,1,Suspicious
1284,5,11,0,5,2.0,0.0,4,Suspicious,4,22,9,6,,1,Suspicious
3988,0,6,1,0,0.0,3.96,2,Suspicious,6,20,9,4,,1,Suspicious
4268,1,18,1,2,0.0,8.29,0,Suspicious,2,10,10,3,1390446.145655,1,Suspicious
3038,3,17,0,1,5.0,0.0,0,Suspicious,22,15,9,6,,1,Suspicious
3618,4,27,0,4,0.0,0.0,2,Suspicious,18,5,10,5,1555678.197125,1,Suspicious
4742,0,8,3,2,0.0,5.15,1,Suspicious,3,18,9,2,,1,Suspicious
7172,0,16,5,6,0.0,32.31,2,Suspicious,14,17,9,1,,2,Suspicious
4891,5,29,0,5,5.0,0.0,0,Suspicious,1,25,9,2,,1,Suspicious
2744,0,24,1,3,0.0,9.5,2,Suspicious,11,14,9,5,,1,Suspicious
5051,0,28,5,3,0.0,5.76,1,Suspicious,20,30,9,0,768967.456432,1,Suspicious
247,0,33,4,6,0.0,26.94,0,Suspicious,4,26,9,3,977902.533137,1,Suspicious
3492,3,30,0,0,3.0,0.0,2,Suspicious,22,9,10,2,,1,Suspicious
1758,5,21,0,4,2.0,0.0,1,Suspicious,0,28,9,5,732515.361021,1,Suspicious
1990,2,12,1,0,0.0,41.08,4,Suspicious,0,21,9,5,,1,Suspicious
5496,6,34,0,0,0.0,0.0,0,Suspicious,1,3,10,3,,1,Suspicious
3536,5,13,0,3,3.0,0.0,4,Suspicious,15,27,9,4,1143496.874416,1,Suspicious
3830,4,21,0,1,0.0,0.0,0,Suspicious,3,7,10,0,1449951.963463,1,Suspicious
6560,3,11,0,0,6.0,0.0,1,Suspicious,17,9,10,2,,1,Suspicious
5462,3,10,0,6,4.0,0.0,1,Suspicious,11,25,9,2,569612.494714,1,Suspicious
2595,3,20,0,2,8.0,0.0,0,Suspicious,13,17,9,1,,1,Suspicious
6402,2,13,2,5,0.0,34.98,4,Suspicious,9,10,10,3,,1,Suspicious
6229,3,25,0,2,4.0,0.0,2,Suspicious,5,10,10,3,,1,Suspicious
3280,0,25,2,4,0.0,7.35,2,Suspicious,10,14,9,5,,1,Suspicious
3261,3,35,0,2,8.0,0.0,0,Suspicious,9,24,9,1,,1,Suspicious
3761,2,0,1,0,0.0,8.82,1,Suspicious,1,20,9,4,,1,Suspicious
5144,2,28,5,5,0.0,40.89,1,Suspicious,13,10,10,3,540893.554352,1,Suspicious
2557,4,25,0,5,0.0,0.0,2,Suspicious,15,1,10,1,,1,Suspicious
4219,4,6,0,1,0.0,0.0,2,Suspicious,2,22,9,6,,1,Suspicious
4633,1,30,1,1,0.0,15.59,4,Suspicious,12,27,9,4,,1,Suspicious
7026,4,17,0,3,0.0,0.0,2,Suspicious,8,17,9,1,,1,Suspicious
2614,4,32,0,0,0.0,0.0,1,Suspicious,16,7,10,0,,1,Suspicious
230,0,19,2,4,0.0,21.08,2,Suspicious,4,15,9,6,,1,Suspicious
3093,3,26,0,5,7.0,0.0,4,Suspicious,10,3,10,3,,1,Suspicious
557,5,12,0,1,9.0,0.0,0,Suspicious,7,25,9,2,,1,Suspicious
5812,3,28,0,3,9.0,0.0,0,Suspicious,20,19,9,3,,1,Suspicious
2798,0,17,6,2,0.0,38.93,2,Suspicious,5,4,10,4,,1,Suspicious
3877,2,3,4,3,0.0,37.33,1,Suspicious,8,5,10,5,,1,Suspicious
4072,2,3,4,5,0.0,4.27,2,Suspicious,14,13,9,4,,1,Suspicious
5314,1,19,2,6,0.0,8.26,1,Suspicious,22,4,10,4,1764431.969607,1,Suspicious
3045,0,1,2,0,0.0,11.11,0,Suspicious,2,20,9,4,,1,Suspicious
3277,3,3,0,6,10.0,0.0,2,Suspicious,2,5,10,5,,1,Suspicious
2560,1,12,1,3,0.0,14.58,1,Suspicious,22,1,10,1,,1,Suspicious
5589,2,6,1,2,0.0,2.77,2,Suspicious,0,26,9,3,506582.606789,1,Suspicious
2770,2,5,6,4,0.0,32.71,2,Suspicious,18,9,10,2,2054289.945724,1,Suspicious
2357,0,8,3,3,0.0,19.57,2,Suspicious,22,29,9,6,,1,Suspicious
3530,4,31,0,1,0.0,0.0,2,Suspicious,19,22,9,6,,1,Suspicious
6408,2,2,3,6,0.0,7.05,2,Suspicious,13,26,9,3,,1,Suspicious
4501,5,30,0,1,1.0,0.0,4,Suspicious,8,30,9,0,1286807.424505,1,Suspicious
2995,4,19,0,4,0.0,0.0,4,Suspicious,5,28,9,5,,1,Suspicious
6012,0,18,1,6,0.0,24.95,4,Suspicious,14,9,10,2,,1,Suspicious
1540,6,1,0,5,0.0,0.0,0,Suspicious,5,22,9,6,,1,Suspicious
6696,1,12,1,2,0.0,38.33,4,Suspicious,5,1,10,1,,1,Suspicious
40,1,31,2,2,0.0,40.88,2,Suspicious,23,13,9,4,,1,Suspicious
2411,0,17,6,5,0.0,5.62,0,Suspicious,19,3,10,3,310212.810601,1,Suspicious
2063,3,32,0,2,4.0,0.0,2,Suspicious,5,6,10,6,,1,Suspicious
4671,0,32,3,6,0.0,6.4,4,Suspicious,13,15,9,6,3293.103993,1,Suspicious
4492,3,23,0,6,3.0,0.0,2,Suspicious,4,25,9,2,189341.167359,1,Suspicious
5546,5,26,0,6,2.0,0.0,4,Suspicious,19,19,9,3,,1,Suspicious
1882,6,27,0,2,0.0,0.0,4,Suspicious,22,19,9,3,,1,Suspicious
3857,4,12,0,2,0.0,0.0,4,Suspicious,3,2,10,2,,1,Suspicious
193,4,29,0,6,0.0,0.0,4,Suspicious,20,16,9,0,,1,Suspicious
6771,5,11,0,5,6.0,0.0,1,Suspicious,2,1,10,1,,1,Suspicious
139,0,22,5,0,0.0,38.73,2,Suspicious,21,9,10,2,591901.480257,1,Suspicious
4684,3,34,0,6,4.0,0.0,0,Suspicious,9,8,10,1,,1,Suspicious
4977,0,8,3,5,0.0,5.48,2,Suspicious,19,27,9,4,,1,Suspicious
1880,6,34,0,5,0.0,0.0,0,Suspicious,14,18,9,2,137451.964568,1,Suspicious
4384,6,34,0,2,0.0,0.0,1,Suspicious,16,24,9,1,,1,Suspicious
3587,4,25,0,4,0.0,0.0,4,Suspicious,21,24,9,1,,1,Suspicious
5423,5,30,0,3,7.0,0.0,0,Suspicious,5,21,9,5,,1,Suspicious
4416,3,5,0,4,7.0,0.0,2,Suspicious,16,13,9,4,,1,Suspicious
6035,2,32,3,3,0.0,26.05,2,Suspicious,8,19,9,3,,1,Suspicious
880,0,20,3,3,0.0,35.06,2,Suspicious,10,17,9,1,,1,Suspicious
3436,2,19,2,2,0.0,3.12,0,Suspicious,10,27,9,4,,1,Suspicious
2220,3,5,0,0,7.0,0.0,0,Suspicious,3,1,10,1,,1,Suspicious
4000,4,9,0,2,0.0,0.0,1,Suspicious,21,15,9,6,,1,Suspicious
1984,0,15,4,6,0.0,28.02,1,Suspicious,12,10,10,3,,1,Suspicious
4522,0,23,6,0,0.0,30.15,2,Suspicious,10,15,9,6,,1,Suspicious
3516,0,19,2,6,0.0,37.61,0,Suspicious,1,1,10,1,,1,Suspicious
3953,4,12,0,6,0.0,0.0,4,Suspicious,4,29,9,6,100697.410322,1,Suspicious
3673,2,10,5,1,0.0,33.04,4,Suspicious,13,13,9,4,,1,Suspicious
3875,2,30,1,0,0.0,15.64,4,Suspicious,5,19,9,3,,1,Suspicious
7231,0,14,3,6,0.0,6.02,0,Suspicious,18,30,9,0,,1,Suspicious
291,2,25,2,4,0.0,17.33,4,Suspicious,18,15,9,6,,1,Suspicious
7297,1,9,4,2,0.0,3.87,0,Suspicious,5,22,9,6,,2,Suspicious
4058,6,19,0,1,0.0,0.0,2,Suspicious,5,21,9,5,,1,Suspicious
4240,2,8,3,1,0.0,3.71,2,Suspicious,4,22,9,6,740196.222227,1,Suspicious
6282,5,1,0,0,7.0,0.0,4,Suspicious,12,10,10,3,2281879.326874,1,Suspicious
6001,6,35,0,4,0.0,0.0,2,Suspicious,9,19,9,3,,1,Suspicious
862,5,17,0,6,1.0,0.0,4,Suspicious,8,15,9,6,,1,Suspicious
6355,6,17,0,0,0.0,0.0,2,Suspicious,14,23,9,0,,1,Suspicious
2719,3,35,0,2,2.0,0.0,2,Suspicious,7,3,10,3,266903.543561,1,Suspicious
3266,4,4,0,0,0.0,0.0,4,Suspicious,10,26,9,3,,1,Suspicious
5980,5,5,0,0,1.0,0.0,0,Suspicious,15,17,9,1,,1,Suspicious
3998,3,26,0,1,1.0,0.0,4,Suspicious,9,4,10,4,,1,Suspicious
3529,1,13,2,6,0.0,18.27,2,Suspicious,5,22,9,6,421494.887008,1,Suspicious
6735,4,31,0,6,0.0,0.0,0,Suspicious,12,6,10,6,84759.618531,1,Suspicious
7307,0,13,2,3,0.0,19.04,1,Suspicious,6,8,10,1,,1,Suspicious
3397,5,4,0,4,7.0,0.0,0,Suspicious,12,11,10,4,1597238.038477,1,Suspicious
1759,2,18,1,2,0.0,16.71,1,Suspicious,12,5,10,5,535074.396244,1,Suspicious
4336,1,2,3,4,0.0,46.32,2,Suspicious,6,8,10,1,,1,Suspicious
2958,1,8,3,1,0.0,40.78,0,Suspicious,4,3,10,3,111378.100356,1,Suspicious
409,5,13,0,1,2.0,0.0,4,Suspicious,9,8,10,1,1286842.521594,1,Suspicious
6839,0,26,3,6,0.0,39.01,2,Suspicious,19,24,9,1,,1,Suspicious
3406,2,5,6,0,0.0,3.5,0,Suspicious,5,17,9,1,,1,Suspicious
6804,2,0,1,2,0.0,34.18,1,Suspicious,23,5,10,5,,1,Suspicious
3008,3,12,0,3,6.0,0.0,0,Suspicious,13,9,10,2,93406.100376,1,Suspicious
867,2,19,2,3,0.0,22.36,1,Suspicious,7,6,10,6,,1,Suspicious
4057,2,23,6,4,0.0,15.93,4,Suspicious,15,2,10,2,,1,Suspicious
2747,0,8,3,4,0.0,20.29,2,Suspicious,22,29,9,6,,1,Suspicious
63,5,5,0,3,6.0,0.0,4,Suspicious,15,27,9,4,,1,Suspicious
3424,4,0,0,0,0.0,0.0,0,Suspicious,14,13,9,4,,1,Suspicious
6636,1,9,4,5,0.0,47.56,1,Suspicious,13,27,9,4,252948.902816,1,Suspicious
3405,6,19,0,5,0.0,0.0,2,Suspicious,9,20,9,4,,1,Suspicious
3090,0,35,6,6,0.0,32.54,2,Suspicious,7,5,10,5,1312886.650229,1,Suspicious
4951,4,12,0,5,0.0,0.0,2,Suspicious,2,25,9,2,,1,Suspicious
5321,0,32,3,1,0.0,38.8,1,Suspicious,3,24,9,1,,1,Suspicious
5533,0,6,1,0,0.0,24.27,2,Suspicious,4,6,10,6,,1,Suspicious
3289,5,35,0,6,10.0,0.0,2,Suspicious,21,27,9,4,,1,Suspicious
5760,5,23,0,4,8.0,0.0,0,Suspicious,17,28,9,5,,1,Suspicious
572,6,20,0,5,0.0,0.0,4,Suspicious,15,12,9,3,,1,Suspicious
36,3,10,0,1,7.0,0.0,1,Suspicious,6,26,9,3,,1,Suspicious
4589,2,25,2,6,0.0,18.88,1,Suspicious,23,1,10,1,1640186.130136,1,Suspicious
1634,1,0,1,1,0.0,37.87,4,Suspicious,10,4,10,4,,1,Suspicious
6856,6,35,0,4,0.0,0.0,0,Suspicious,4,26,9,3,,1,Suspicious
5843,3,2,0,5,4.0,0.0,2,Suspicious,22,10,10,3,,1,Suspicious
4945,4,1,0,5,0.0,0.0,0,Suspicious,11,12,10,5,464506.866029,1,Suspicious
3642,3,23,0,6,4.0,0.0,2,Suspicious,23,12,9,3,,1,Suspicious
2745,1,6,1,4,0.0,46.57,2,Suspicious,20,22,9,6,443695.983822,1,Suspicious
4270,6,2,0,1,0.0,0.0,4,Suspicious,0,20,9,4,,1,Suspicious
6188,3,6,0,2,5.0,0.0,2,Suspicious,23,14,9,5,,1,Suspicious
5287,0,18,1,6,0.0,22.48,0,Suspicious,3,3,10,3,1710039.091085,1,Suspicious
5329,3,14,0,6,4.0,0.0,0,Suspicious,1,14,9,5,,1,Suspicious
6360,6,16,0,0,0.0,0.0,1,Suspicious,5,30,9,0,500032.054673,1,Suspicious
1963,3,19,0,4,3.0,0.0,1,Suspicious,17,26,9,3,,1,Suspicious
5425,1,16,5,2,0.0,36.78,4,Suspicious,20,29,9,6,1250595.945088,1,Suspicious
5089,4,6,0,6,0.0,0.0,2,Suspicious,12,15,9,6,61215.280659,1,Suspicious
3223,5,14,0,3,1.0,0.0,1,Suspicious,8,3,10,3,,1,Suspicious
4114,6,26,0,6,0.0,0.0,4,Suspicious,19,18,9,2,,1,Suspicious
6753,4,32,0,5,0.0,0.0,0,Suspicious,19,3,10,3,349356.315904,1,Suspicious
2709,0,8,3,0,0.0,29.09,4,Suspicious,8,11,10,4,,1,Suspicious
3712,6,23,0,0,0.0,0.0,4,Suspicious,8,28,9,5,,1,Suspicious
7136,6,3,0,0,0.0,0.0,4,Suspicious,4,27,9,4,,1,Suspicious
1111,0,0,1,3,0.0,32.01,4,Suspicious,18,27,9,4,919597.081959,1,Suspicious
2212,0,23,6,5,0.0,15.7,4,Suspicious,10,8,10,1,,1,Suspicious
3212,5,16,0,3,6.0,0.0,0,Suspicious,18,23,9,0,,1,Suspicious
5531,1,17,6,3,0.0,16.34,2,Suspicious,18,3,10,3,746699.882965,1,Suspicious
134,2,9,4,2,0.0,0.86,4,Suspicious,4,5,10,5,418518.690775,1,Suspicious
1420,4,4,0,1,0.0,0.0,0,Suspicious,23,1,10,1,1063786.764094,1,Suspicious
5013,2,0,1,5,0.0,40.61,4,Suspicious,2,5,10,5,,1,Suspicious
5373,4,13,0,6,0.0,0.0,2,Suspicious,5,24,9,1,81696.743834,1,Suspicious
926,2,24,1,1,0.0,14.26,4,Suspicious,21,29,9,6,162036.792218,1,Suspicious
3725,3,8,0,3,10.0,0.0,4,Suspicious,14,25,9,2,,1,Suspicious
2027,5,35,0,0,6.0,0.0,4,Suspicious,14,18,9,2,170885.262387,1,Suspicious
955,2,20,3,2,0.0,6.49,0,Suspicious,9,9,10,2,,1,Suspicious
5726,5,7,0,5,3.0,0.0,2,Suspicious,7,23,9,0,759721.385281,1,Suspicious
4396,4,18,0,3,0.0,0.0,1,Suspicious,8,22,9,6,,1,Suspicious
7208,1,12,1,3,0.0,31.18,2,Suspicious,19,1,10,1,1377100.990771,1,Suspicious
6379,2,19,2,5,0.0,40.72,1,Suspicious,8,25,9,2,,1,Suspicious
3173,2,13,2,6,0.0,7.06,4,Suspicious,20,24,9,1,858222.585431,1,Suspicious
26,6,22,0,6,0.0,0.0,4,Suspicious,22,29,9,6,,1,Suspicious
462,4,10,0,1,0.0,0.0,2,Suspicious,1,9,10,2,1114222.066259,1,Suspicious
5266,2,33,4,1,0.0,26.21,4,Suspicious,17,13,9,4,,1,Suspicious
1898,0,8,3,2,0.0,24.36,4,Suspicious,2,22,9,6,,1,Suspicious
4566,1,26,3,6,0.0,14.83,2,Suspicious,5,2,10,2,,1,Suspicious
4417,1,30,1,3,0.0,14.89,0,Suspicious,18,6,10,6,1588471.044592,1,Suspicious
5141,6,3,0,3,0.0,0.0,0,Suspicious,22,2,10,2,,1,Suspicious
3123,4,31,0,0,0.0,0.0,4,Suspicious,10,14,9,5,,1,Suspicious
5809,2,24,1,1,0.0,16.35,0,Suspicious,15,27,9,4,,1,Suspicious
618,2,35,6,4,0.0,21.74,4,Suspicious,18,24,9,1,,1,Suspicious
3278,6,32,0,3,0.0,0.0,1,Suspicious,4,26,9,3,,1,Suspicious
4781,6,13,0,6,0.0,0.0,2,Suspicious,11,10,10,3,1271015.155179,1,Suspicious
6610,6,5,0,4,0.0,0.0,0,Suspicious,21,22,9,6,28094.458243,1,Suspicious
6208,1,12,1,5,0.0,30.43,4,Suspicious,16,14,9,5,,1,Suspicious
2796,0,21,4,3,0.0,36.34,0,Suspicious,4,15,9,6,,1,Suspicious
4221,5,33,0,4,6.0,0.0,0,Suspicious,17,30,9,0,,1,Suspicious
3413,1,27,4,6,0.0,27.67,2,Suspicious,11,22,9,6,,1,Suspicious
5505,0,6,1,0,0.0,47.18,0,Suspicious,18,4,10,4,87003.063317,1,Suspicious
5642,0,28,5,2,0.0,10.42,1,Suspicious,17,13,9,4,,1,Suspicious
6525,3,25,0,4,6.0,0.0,1,Suspicious,6,28,9,5,,1,Suspicious
6844,1,6,1,1,0.0,22.11,4,Suspicious,19,19,9,3,,3,Suspicious
1371,6,34,0,5,0.0,0.0,0,Suspicious,10,27,9,4,,1,Suspicious
647,3,20,0,3,3.0,0.0,1,Suspicious,3,2,10,2,136105.71003,1,Suspicious
4630,0,7,2,4,0.0,7.85,4,Suspicious,0,5,10,5,,1,Suspicious
4180,1,10,5,0,0.0,3.07,2,Suspicious,23,29,9,6,797309.11583,1,Suspicious
4065,4,25,0,4,0.0,0.0,2,Suspicious,17,30,9,0,,1,Suspicious
2211,6,11,0,5,0.0,0.0,4,Suspicious,21,15,9,6,,1,Suspicious
7011,5,9,0,1,2.0,0.0,4,Suspicious,14,25,9,2,,1,Suspicious
1137,2,34,5,3,0.0,5.26,0,Suspicious,6,25,9,2,,1,Suspicious
1148,6,20,0,0,0.0,0.0,2,Suspicious,9,1,10,1,,1,Suspicious
3350,3,16,0,1,1.0,0.0,1,Suspicious,15,10,10,3,,1,Suspicious
2090,3,0,0,2,4.0,0.0,4,Suspicious,1,30,9,0,515393.839242,1,Suspicious
4652,4,34,0,1,0.0,0.0,1,Suspicious,22,14,9,5,,1,Suspicious
6002,5,0,0,1,6.0,0.0,2,Suspicious,17,25,9,2,,1,Suspicious
6791,5,2,0,1,7.0,0.0,1,Suspicious,18,27,9,4,,1,Suspicious
5421,5,8,0,2,2.0,0.0,4,Suspicious,21,6,10,6,,1,Suspicious
5797,1,11,6,2,0.0,38.42,1,Suspicious,18,29,9,6,30359.616903,1,Suspicious
3508,5,20,0,3,2.0,0.0,0,Suspicious,14,6,10,6,,1,Suspicious
439,4,29,0,5,0.0,0.0,2,Suspicious,8,16,9,0,,1,Suspicious
4132,3,8,0,5,10.0,0.0,0,Suspicious,18,6,10,6,1903693.997354,1,Suspicious
628,2,31,2,2,0.0,44.03,4,Suspicious,10,3,10,3,204976.51162,1,Suspicious
5269,2,9,4,2,0.0,10.53,2,Suspicious,11,7,10,0,891288.947336,1,Suspicious
927,4,17,0,3,0.0,0.0,4,Suspicious,10,15,9,6,,1,Suspicious
3225,5,0,0,5,5.0,0.0,2,Suspicious,1,24,9,1,35038.457084,1,Suspicious
569,4,29,0,4,0.0,0.0,1,Suspicious,17,15,9,6,,1,Suspicious
5991,3,35,0,2,1.0,0.0,4,Suspicious,1,20,9,4,,1,Suspicious
3807,2,1,2,0,0.0,32.66,0,Suspicious,0,3,10,3,308724.286223,1,Suspicious
1975,5,27,0,2,4.0,0.0,1,Suspicious,20,13,9,4,,1,Suspicious
5218,2,15,4,3,0.0,10.0,2,Suspicious,7,9,10,2,,1,Suspicious
4012,3,0,0,3,2.0,0.0,2,Suspicious,22,1,10,1,,1,Suspicious
6257,1,11,6,3,0.0,10.73,2,Suspicious,4,12,10,5,,1,Suspicious
6867,0,5,6,3,0.0,32.04,4,Suspicious,10,5,10,5,,1,Suspicious
3531,3,30,0,6,5.0,0.0,0,Suspicious,15,1,10,1,190450.002852,1,Suspicious
5646,6,6,0,5,0.0,0.0,2,Suspicious,20,28,9,5,,1,Suspicious
4860,4,12,0,0,0.0,0.0,2,Suspicious,12,14,9,5,,1,Suspicious
3863,6,7,0,5,0.0,0.0,4,Suspicious,12,19,9,3,,1,Suspicious
3207,4,25,0,3,0.0,0.0,0,Suspicious,23,27,9,4,119359.666155,1,Suspicious
6604,4,35,0,4,0.0,0.0,1,Suspicious,15,10,10,3,134753.736849,1,Suspicious
3949,3,18,0,1,4.0,0.0,4,Suspicious,9,5,10,5,,1,Suspicious
1218,3,9,0,1,10.0,0.0,4,Suspicious,7,6,10,6,1039021.365737,1,Suspicious
6989,4,35,0,5,0.0,0.0,1,Suspicious,3,11,10,4,188186.085293,1,Suspicious
6974,1,24,1,5,0.0,26.52,0,Suspicious,5,15,9,6,13731.49332,1,Suspicious
5909,2,25,2,1,0.0,18.96,1,Suspicious,14,20,9,4,,1,Suspicious
433,1,26,3,0,0.0,42.33,2,Suspicious,16,18,9,2,,1,Suspicious
6516,4,6,0,6,0.0,0.0,2,Suspicious,10,28,9,5,,1,Suspicious
4663,6,17,0,1,0.0,0.0,1,Suspicious,11,5,10,5,,1,Suspicious
7326,5,2,0,1,9.0,0.0,2,Suspicious,22,16,9,0,,1,Suspicious
3870,1,7,2,5,0.0,19.0,1,Suspicious,16,21,9,5,,1,Suspicious
3556,6,12,0,3,0.0,0.0,4,Suspicious,7,6,10,6,,1,Suspicious
6572,5,17,0,1,1.0,0.0,0,Suspicious,0,10,10,3,,1,Suspicious
297,2,16,5,0,0.0,22.22,4,Suspicious,14,11,10,4,549185.91639,1,Suspicious
2103,4,3,0,4,0.0,0.0,0,Suspicious,1,30,9,0,,1,Suspicious
4151,3,16,0,6,4.0,0.0,1,Suspicious,2,20,9,4,,1,Suspicious
2824,0,14,3,6,0.0,16.19,4,Suspicious,13,20,9,4,450547.682417,1,Suspicious
5600,4,28,0,3,0.0,0.0,2,Suspicious,22,29,9,6,,1,Suspicious
2493,0,35,6,4,0.0,22.33,2,Suspicious,17,21,9,5,,1,Suspicious
4546,4,11,0,2,0.0,0.0,1,Suspicious,5,28,9,5,,1,Suspicious
6657,6,2,0,1,0.0,0.0,2,Suspicious,22,9,10,2,653068.10279,1,Suspicious
3449,3,32,0,1,5.0,0.0,2,Suspicious,1,1,10,1,,1,Suspicious
154,1,8,3,0,0.0,33.0,1,Suspicious,20,1,10,1,154541.790125,1,Suspicious
7189,5,34,0,1,5.0,0.0,4,Suspicious,21,4,10,4,787621.080043,1,Suspicious
5420,6,7,0,6,0.0,0.0,2,Suspicious,19,9,10,2,,1,Suspicious
6544,5,25,0,6,1.0,0.0,2,Suspicious,12,20,9,4,,1,Suspicious
3810,5,16,0,2,2.0,0.0,1,Suspicious,5,13,9,4,,1,Suspicious
3645,5,6,0,3,6.0,0.0,0,Suspicious,13,13,9,4,,1,Suspicious
6676,1,7,2,4,0.0,31.77,2,Suspicious,7,28,9,5,578475.525968,1,Suspicious
3706,0,20,3,5,0.0,25.05,4,Suspicious,16,10,10,3,,1,Suspicious
3071,6,16,0,6,0.0,0.0,4,Suspicious,14,8,10,1,,1,Suspicious
6615,0,21,4,1,0.0,14.84,1,Suspicious,21,17,9,1,,1,Suspicious
3042,6,16,0,6,0.0,0.0,1,Suspicious,8,7,10,0,1816573.300383,1,Suspicious
5908,0,18,1,4,0.0,16.44,0,Suspicious,19,7,10,0,417103.462482,1,Suspicious
3739,3,33,0,5,10.0,0.0,1,Suspicious,14,8,10,1,1187918.095929,1,Suspicious
4090,6,31,0,1,0.0,0.0,0,Suspicious,10,3,10,3,,1,Suspicious
1101,3,28,0,3,10.0,0.0,1,Suspicious,22,15,9,6,,1,Suspicious
7245,1,14,3,6,0.0,28.24,0,Suspicious,15,13,9,4,,1,Suspicious
4972,6,28,0,3,0.0,0.0,0,Suspicious,16,11,10,4,,1,Suspicious
4634,0,18,1,0,0.0,25.49,2,Suspicious,22,21,9,5,,1,Suspicious
6994,3,5,0,6,10.0,0.0,2,Suspicious,18,17,9,1,,1,Suspicious
5200,3,25,0,2,9.0,0.0,0,Suspicious,14,9,10,2,2289269.59784,1,Suspicious
4677,2,16,5,5,0.0,29.55,2,Suspicious,22,14,9,5,,1,Suspicious
263,2,32,3,4,0.0,40.84,4,Suspicious,11,11,10,4,,1,Suspicious
4933,0,11,6,5,0.0,25.63,0,Suspicious,2,24,9,1,,1,Suspicious
4582,4,26,0,3,0.0,0.0,0,Suspicious,2,9,10,2,759051.391287,1,Suspicious
1322,3,20,0,4,4.0,0.0,1,Suspicious,4,4,10,4,,1,Suspicious
5607,1,35,6,3,0.0,42.44,2,Suspicious,18,9,10,2,,1,Suspicious
218,6,23,0,1,0.0,0.0,0,Suspicious,18,8,10,1,,1,Suspicious
2497,5,9,0,2,10.0,0.0,0,Suspicious,20,2,10,2,,1,Suspicious
991,6,18,0,2,0.0,0.0,1,Suspicious,11,12,10,5,1613214.499941,1,Suspicious
3657,5,9,0,1,7.0,0.0,0,Suspicious,3,8,10,1,87037.747671,1,Suspicious
5337,5,15,0,4,1.0,0.0,0,Suspicious,14,15,9,6,,1,Suspicious
2397,3,17,0,6,2.0,0.0,0,Suspicious,14,24,9,1,,1,Suspicious
712,6,30,0,2,0.0,0.0,4,Suspicious,7,15,9,6,,1,Suspicious
5262,6,32,0,5,0.0,0.0,0,Suspicious,19,19,9,3,,1,Suspicious
6914,3,12,0,6,1.0,0.0,2,Suspicious,17,23,9,0,,1,Suspicious
6627,5,13,0,0,5.0,0.0,1,Suspicious,1,30,9,0,,1,Suspicious
2432,0,2,3,0,0.0,25.69,1,Suspicious,7,15,9,6,,1,Suspicious
5592,3,6,0,4,2.0,0.0,2,Suspicious,5,17,9,1,,1,Suspicious
6160,2,25,2,1,0.0,25.55,4,Suspicious,4,12,10,5,,1,Suspicious
4070,5,30,0,6,7.0,0.0,4,Suspicious,3,26,9,3,,1,Suspicious
3074,2,11,6,6,0.0,31.22,4,Suspicious,6,27,9,4,,1,Suspicious
2840,2,5,6,5,0.0,17.6,4,Suspicious,7,21,9,5,254844.968435,1,Suspicious
337,6,30,0,0,0.0,0.0,2,Suspicious,3,24,9,1,,1,Suspicious
3515,3,18,0,4,3.0,0.0,1,Suspicious,4,6,10,6,,1,Suspicious
782,6,35,0,6,0.0,0.0,2,Suspicious,13,1,10,1,,1,Suspicious
2675,1,24,1,6,0.0,8.92,2,Suspicious,18,27,9,4,,1,Suspicious
4436,6,20,0,4,0.0,0.0,0,Suspicious,7,4,10,4,224451.96728,1,Suspicious
2586,6,1,0,3,0.0,0.0,2,Suspicious,12,5,10,5,,1,Suspicious
351,3,29,0,2,7.0,0.0,4,Suspicious,22,9,10,2,,1,Suspicious
1694,5,8,0,1,7.0,0.0,2,Suspicious,19,19,9,3,,1,Suspicious
6101,2,30,1,5,0.0,39.59,1,Suspicious,15,29,9,6,1442156.926369,1,Suspicious
6328,0,8,3,2,0.0,23.93,2,Suspicious,7,3,10,3,,1,Suspicious
3193,4,15,0,4,0.0,0.0,1,Suspicious,8,22,9,6,,1,Suspicious
776,3,9,0,2,3.0,0.0,2,Suspicious,4,18,9,2,,1,Suspicious
1948,1,34,5,1,0.0,25.29,1,Suspicious,1,24,9,1,390510.803575,1,Suspicious
97,1,24,1,3,0.0,19.67,2,Suspicious,11,27,9,4,,1,Suspicious
2171,2,28,5,1,0.0,47.19,0,Suspicious,18,23,9,0,206474.238792,1,Suspicious
1328,0,17,6,5,0.0,15.31,0,Suspicious,8,20,9,4,321935.020279,1,Suspicious
321,0,27,4,6,0.0,15.32,4,Suspicious,20,29,9,6,,1,Suspicious
6713,5,20,0,1,2.0,0.0,2,Suspicious,19,8,10,1,1411546.556485,1,Suspicious
7005,1,12,1,4,0.0,11.28,2,Suspicious,3,30,9,0,,1,Suspicious
375,5,23,0,2,1.0,0.0,0,Suspicious,13,14,9,5,,1,Suspicious
5988,5,17,0,3,2.0,0.0,4,Suspicious,2,14,9,5,,1,Suspicious
2339,3,4,0,5,3.0,0.0,2,Suspicious,18,2,10,2,,1,Suspicious
3685,0,26,3,4,0.0,27.52,1,Suspicious,12,25,9,2,,1,Suspicious
5364,6,2,0,2,0.0,0.0,0,Suspicious,19,14,9,5,,1,Suspicious
7225,6,20,0,2,0.0,0.0,2,Suspicious,1,29,9,6,,1,Suspicious
6817,2,17,6,5,0.0,10.43,0,Suspicious,2,17,9,1,,1,Suspicious
3983,3,16,0,6,2.0,0.0,2,Suspicious,1,29,9,6,,1,Suspicious
1520,4,32,0,2,0.0,0.0,0,Suspicious,4,30,9,0,,1,Suspicious
945,2,23,6,2,0.0,41.82,2,Suspicious,4,13,9,4,,1,Suspicious
6122,5,4,0,3,4.0,0.0,4,Suspicious,20,28,9,5,508827.474412,1,Suspicious
6780,6,5,0,2,0.0,0.0,1,Suspicious,8,11,10,4,329885.651994,1,Suspicious
4050,0,1,2,3,0.0,26.03,2,Suspicious,9,30,9,0,,1,Suspicious
5117,0,13,2,5,0.0,33.39,0,Suspicious,11,15,9,6,,1,Suspicious
4429,6,14,0,2,0.0,0.0,0,Suspicious,11,25,9,2,,1,Suspicious
6547,4,31,0,3,0.0,0.0,1,Suspicious,22,13,9,4,,1,Suspicious
3000,4,13,0,0,0.0,0.0,0,Suspicious,9,26,9,3,713651.145421,1,Suspicious
6588,0,22,5,4,0.0,49.08,2,Suspicious,9,20,9,4,,1,Suspicious
6453,6,34,0,2,0.0,0.0,2,Suspicious,19,6,10,6,,1,Suspicious
89,5,6,0,4,5.0,0.0,2,Suspicious,16,11,10,4,1908023.793881,1,Suspicious
2718,2,30,1,1,0.0,21.15,4,Suspicious,5,23,9,0,,1,Suspicious
2871,3,11,0,1,5.0,0.0,2,Suspicious,12,2,10,2,1596858.18803,1,Suspicious
4784,0,23,6,1,0.0,31.51,0,Suspicious,5,15,9,6,,1,Suspicious
4735,1,32,3,6,0.0,42.86,2,Suspicious,8,9,10,2,806171.420686,1,Suspicious
4826,1,7,2,3,0.0,8.99,2,Suspicious,9,8,10,1,1153656.830864,1,Suspicious
728,4,11,0,2,0.0,0.0,1,Suspicious,20,23,9,0,,1,Suspicious
3159,0,14,3,2,0.0,11.9,0,Suspicious,10,23,9,0,188303.003013,1,Suspicious
4317,5,31,0,3,10.0,0.0,4,Suspicious,4,27,9,4,,1,Suspicious
3590,4,6,0,0,0.0,0.0,2,Suspicious,2,14,9,5,,1,Suspicious
4445,4,29,0,3,0.0,0.0,4,Suspicious,4,1,10,1,,1,Suspicious
7252,5,17,0,6,3.0,0.0,1,Suspicious,8,9,10,2,512470.322572,1,Suspicious
5092,6,1,0,5,0.0,0.0,4,Suspicious,5,22,9,6,,1,Suspicious
7049,4,0,0,4,0.0,0.0,4,Suspicious,16,9,10,2,,1,Suspicious
2579,1,31,2,3,0.0,12.35,1,Suspicious,3,10,10,3,1418286.722342,1,Suspicious
366,3,14,0,6,1.0,0.0,0,Suspicious,22,27,9,4,72351.450491,1,Suspicious
1232,3,33,0,2,3.0,0.0,2,Suspicious,21,10,10,3,,1,Suspicious
5659,0,25,2,6,0.0,19.36,4,Suspicious,4,7,10,0,304969.931462,1,Suspicious
1461,5,3,0,6,5.0,0.0,2,Suspicious,18,30,9,0,,1,Suspicious
1090,2,17,6,6,0.0,27.9,0,Suspicious,9,14,9,5,,1,Suspicious
5132,4,19,0,3,0.0,0.0,1,Suspicious,15,27,9,4,,1,Suspicious
3762,4,21,0,0,0.0,0.0,0,Suspicious,15,27,9,4,,1,Suspicious
716,4,26,0,0,0.0,0.0,0,Suspicious,9,11,10,4,,1,Suspicious
7318,4,7,0,5,0.0,0.0,1,Suspicious,5,4,10,4,,1,Suspicious
4963,0,33,4,5,0.0,36.92,2,Suspicious,15,18,9,2,,1,Suspicious
5339,2,28,5,0,0.0,42.41,2,Suspicious,5,18,9,2,,1,Suspicious
1791,4,3,0,3,0.0,0.0,2,Suspicious,10,30,9,0,,1,Suspicious
5018,2,6,1,3,0.0,5.96,0,Suspicious,12,24,9,1,127686.783282,1,Suspicious
1342,5,31,0,5,5.0,0.0,2,Suspicious,19,25,9,2,,1,Suspicious
4374,5,32,0,4,5.0,0.0,4,Suspicious,11,10,10,3,1472312.124207,1,Suspicious
5744,1,0,1,2,0.0,20.28,2,Suspicious,11,30,9,0,644080.214189,1,Suspicious
5354,0,0,1,2,0.0,13.74,1,Suspicious,12,24,9,1,,1,Suspicious
31,1,8,3,0,0.0,37.15,4,Suspicious,12,29,9,6,,1,Suspicious
5633,5,8,0,6,6.0,0.0,2,Suspicious,20,9,10,2,,1,Suspicious
558,5,34,0,0,1.0,0.0,1,Suspicious,14,12,10,5,373540.179458,1,Suspicious
6477,0,2,3,4,0.0,24.37,0,Suspicious,13,8,10,1,,1,Suspicious
6988,4,20,0,1,0.0,0.0,2,Suspicious,10,9,10,2,,1,Suspicious
3141,1,10,5,0,0.0,27.33,1,Suspicious,6,6,10,6,,1,Suspicious
6006,0,16,5,2,0.0,29.65,1,Suspicious,9,30,9,0,,1,Suspicious
3745,0,19,2,1,0.0,39.88,0,Suspicious,15,24,9,1,,1,Suspicious
7347,6,17,0,5,0.0,0.0,2,Suspicious,20,24,9,1,764793.570232,1,Suspicious
3375,3,13,0,5,7.0,0.0,2,Suspicious,13,12,10,5,,1,Suspicious
1442,3,20,0,1,8.0,0.0,1,Suspicious,10,15,9,6,,1,Suspicious
110,6,6,0,6,0.0,0.0,4,Suspicious,13,22,9,6,,1,Suspicious
2760,2,22,5,0,0.0,40.81,1,Suspicious,5,13,9,4,,1,Suspicious
6149,3,29,0,3,1.0,0.0,0,Suspicious,2,29,9,6,,1,Suspicious
2169,6,20,0,0,0.0,0.0,0,Suspicious,7,9,10,2,1517042.808394,1,Suspicious
1847,6,23,0,6,0.0,0.0,0,Suspicious,21,27,9,4,,1,Suspicious
4552,2,28,5,2,0.0,38.1,2,Suspicious,8,7,10,0,,1,Suspicious
5155,1,10,5,1,0.0,2.47,1,Suspicious,13,12,10,5,,1,Suspicious
3798,1,8,3,6,0.0,7.24,2,Suspicious,2,30,9,0,,1,Suspicious
788,6,33,0,5,0.0,0.0,2,Suspicious,16,30,9,0,,1,Suspicious
6711,4,32,0,2,0.0,0.0,2,Suspicious,16,29,9,6,,1,Suspicious
3274,5,3,0,1,4.0,0.0,1,Suspicious,16,29,9,6,,1,Suspicious
579,6,29,0,5,0.0,0.0,4,Suspicious,7,16,9,0,,1,Suspicious
1702,4,32,0,1,0.0,0.0,2,Suspicious,4,15,9,6,,1,Suspicious
5075,3,8,0,6,10.0,0.0,4,Suspicious,3,13,9,4,,1,Suspicious
6923,6,7,0,0,0.0,0.0,1,Suspicious,14,6,10,6,916946.123834,1,Suspicious
2652,5,7,0,1,10.0,0.0,2,Suspicious,7,9,10,2,476801.835681,1,Suspicious
4569,3,5,0,6,1.0,0.0,2,Suspicious,15,30,9,0,,1,Suspicious
4218,0,0,1,6,0.0,8.87,4,Suspicious,11,15,9,6,,1,Suspicious
3365,5,29,0,4,4.0,0.0,0,Suspicious,17,6,10,6,,1,Suspicious
5840,6,23,0,5,0.0,0.0,4,Suspicious,22,29,9,6,,1,Suspicious
3052,6,7,0,2,0.0,0.0,2,Suspicious,2,25,9,2,,1,Suspicious
4859,0,17,6,4,0.0,47.7,2,Suspicious,21,20,9,4,,1,Suspicious
3778,4,0,0,1,0.0,0.0,1,Suspicious,3,11,10,4,,1,Suspicious
2468,4,28,0,4,0.0,0.0,1,Suspicious,1,10,10,3,311470.39483,1,Suspicious
978,3,33,0,3,8.0,0.0,2,Suspicious,15,2,10,2,,1,Suspicious
1503,4,12,0,6,0.0,0.0,0,Suspicious,3,3,10,3,,1,Suspicious
7061,2,33,4,3,0.0,21.93,2,Suspicious,8,26,9,3,,1,Suspicious
505,3,26,0,3,5.0,0.0,4,Suspicious,1,16,9,0,,1,Suspicious
5729,6,31,0,1,0.0,0.0,4,Suspicious,15,1,10,1,58519.349791,1,Suspicious
2085,0,11,6,1,0.0,36.8,2,Suspicious,4,27,9,4,,1,Suspicious
1057,0,26,3,2,0.0,2.09,1,Suspicious,5,23,9,0,,1,Suspicious
606,2,29,6,0,0.0,2.89,2,Suspicious,15,20,9,4,,1,Suspicious
2017,6,29,0,6,0.0,0.0,2,Suspicious,19,30,9,0,,1,Suspicious
4028,3,35,0,1,5.0,0.0,4,Suspicious,4,21,9,5,629492.326808,1,Suspicious
1848,5,35,0,3,1.0,0.0,2,Suspicious,15,8,10,1,,1,Suspicious
7236,6,17,0,6,0.0,0.0,4,Suspicious,15,14,9,5,,1,Suspicious
5609,1,17,6,5,0.0,6.76,4,Suspicious,7,26,9,3,466025.408975,1,Suspicious
4752,5,15,0,3,5.0,0.0,2,Suspicious,15,23,9,0,,1,Suspicious
4312,2,8,3,0,0.0,30.38,0,Suspicious,2,23,9,0,572228.938939,1,Suspicious
5027,5,34,0,5,4.0,0.0,4,Suspicious,16,22,9,6,,2,Suspicious
1063,6,23,0,0,0.0,0.0,0,Suspicious,17,16,9,0,,1,Suspicious
1776,3,19,0,1,1.0,0.0,2,Suspicious,6,1,10,1,1362293.357705,1,Suspicious
5386,5,34,0,2,5.0,0.0,4,Suspicious,0,18,9,2,277998.633757,1,Suspicious
4791,1,11,6,4,0.0,1.24,4,Suspicious,21,4,10,4,,1,Suspicious
3554,0,23,6,4,0.0,39.73,4,Suspicious,15,19,9,3,,1,Suspicious
3803,3,19,0,2,1.0,0.0,0,Suspicious,8,26,9,3,,1,Suspicious
4542,1,16,5,2,0.0,19.32,4,Suspicious,0,26,9,3,529030.70341,1,Suspicious
3329,3,22,0,4,7.0,0.0,1,Suspicious,4,10,10,3,,1,Suspicious
3148,0,23,6,1,0.0,12.24,4,Suspicious,6,6,10,6,949128.571717,1,Suspicious
2510,6,33,0,6,0.0,0.0,4,Suspicious,1,26,9,3,,1,Suspicious
421,4,0,0,4,0.0,0.0,4,Suspicious,16,9,10,2,,1,Suspicious
367,2,7,2,0,0.0,41.13,1,Suspicious,16,18,9,2,,1,Suspicious
1807,5,31,0,0,1.0,0.0,1,Suspicious,0,7,10,0,,1,Suspicious
4158,1,13,2,6,0.0,14.58,4,Suspicious,22,4,10,4,,1,Suspicious
4660,0,13,2,3,0.0,13.32,2,Suspicious,16,8,10,1,,1,Suspicious
6539,4,5,0,5,0.0,0.0,2,Suspicious,15,24,9,1,,1,Suspicious
5946,1,20,3,2,0.0,5.92,4,Suspicious,20,29,9,6,,1,Suspicious
4346,0,6,1,6,0.0,37.26,1,Suspicious,13,24,9,1,462463.041744,1,Suspicious
3369,6,16,0,2,0.0,0.0,0,Suspicious,10,30,9,0,199529.636298,1,Suspicious
6653,3,15,0,6,9.0,0.0,4,Suspicious,8,20,9,4,,1,Suspicious
719,2,34,5,3,0.0,23.33,2,Suspicious,13,11,10,4,353899.692177,1,Suspicious
6206,3,12,0,1,8.0,0.0,1,Suspicious,23,23,9,0,843984.741957,1,Suspicious
1013,2,16,5,3,0.0,25.56,0,Suspicious,20,26,9,3,,1,Suspicious
2029,1,31,2,4,0.0,23.47,2,Suspicious,9,16,9,0,,1,Suspicious
1498,2,10,5,1,0.0,9.31,0,Suspicious,14,10,10,3,,1,Suspicious
5223,3,18,0,3,2.0,0.0,1,Suspicious,3,1,10,1,,1,Suspicious
3219,5,16,0,5,7.0,0.0,0,Suspicious,2,12,10,5,1309752.283602,1,Suspicious
3856,0,31,2,6,0.0,24.11,2,Suspicious,15,28,9,5,27051.510898,1,Suspicious
482,1,30,1,4,0.0,30.16,2,Suspicious,15,17,9,1,,1,Suspicious
2734,2,29,6,1,0.0,14.85,0,Suspicious,17,20,9,4,,1,Suspicious
7083,1,35,6,4,0.0,6.72,1,Suspicious,19,5,10,5,,1,Suspicious
3258,5,4,0,1,5.0,0.0,4,Suspicious,8,4,10,4,493027.59284,1,Suspicious
3245,5,33,0,1,3.0,0.0,0,Suspicious,18,6,10,6,1795240.1751,1,Suspicious
164,3,34,0,5,2.0,0.0,0,Suspicious,9,15,9,6,,1,Suspicious
1632,6,27,0,4,0.0,0.0,0,Suspicious,23,30,9,0,,1,Suspicious
7188,0,2,3,6,0.0,39.19,2,Suspicious,20,9,10,2,940022.292495,1,Suspicious
7135,0,20,3,2,0.0,1.96,4,Suspicious,6,21,9,5,,1,Suspicious
5226,0,10,5,5,0.0,49.41,1,Suspicious,21,15,9,6,,1,Suspicious
3721,0,28,5,4,0.0,32.62,1,Suspicious,0,16,9,0,,1,Suspicious
6195,6,22,0,1,0.0,0.0,4,Suspicious,22,24,9,1,,1,Suspicious
3113,0,3,4,0,0.0,21.1,0,Suspicious,16,4,10,4,,1,Suspicious
267,6,27,0,5,0.0,0.0,2,Suspicious,3,1,10,1,,1,Suspicious
6823,0,21,4,2,0.0,26.62,0,Suspicious,18,23,9,0,,1,Suspicious
6085,3,17,0,2,1.0,0.0,1,Suspicious,8,27,9,4,,1,Suspicious
903,6,19,0,4,0.0,0.0,4,Suspicious,4,11,10,4,43018.59483,1,Suspicious
7351,1,2,3,5,0.0,46.64,0,Suspicious,1,17,9,1,,1,Suspicious
723,6,17,0,0,0.0,0.0,2,Suspicious,6,3,10,3,1067845.781048,1,Suspicious
318,3,16,0,1,9.0,0.0,4,Suspicious,10,12,10,5,2484970.412797,1,Suspicious
3878,5,8,0,1,7.0,0.0,1,Suspicious,20,18,9,2,,1,Suspicious
5728,0,15,4,4,0.0,10.0,0,Suspicious,10,12,10,5,1393603.294368,1,Suspicious
5453,5,9,0,3,3.0,0.0,1,Suspicious,12,2,10,2,,1,Suspicious
5179,2,18,1,3,0.0,3.71,2,Suspicious,12,3,10,3,420140.382486,1,Suspicious
1364,2,31,2,6,0.0,7.69,4,Suspicious,17,9,10,2,589930.092362,1,Suspicious
1382,4,12,0,0,0.0,0.0,0,Suspicious,16,26,9,3,,1,Suspicious
2321,4,13,0,6,0.0,0.0,4,Suspicious,14,24,9,1,,1,Suspicious
747,4,34,0,0,0.0,0.0,4,Suspicious,12,6,10,6,,1,Suspicious
493,2,7,2,6,0.0,10.09,4,Suspicious,4,7,10,0,,1,Suspicious
6915,3,33,0,0,2.0,0.0,2,Suspicious,19,5,10,5,,1,Suspicious
2949,2,3,4,0,0.0,38.46,2,Suspicious,17,12,9,3,,1,Suspicious
6976,1,35,6,3,0.0,43.05,2,Suspicious,19,18,9,2,,1,Suspicious
2144,5,16,0,1,2.0,0.0,4,Suspicious,20,2,10,2,,1,Suspicious
3942,0,21,4,1,0.0,28.89,4,Suspicious,14,9,10,2,,1,Suspicious
1714,6,23,0,1,0.0,0.0,4,Suspicious,17,17,9,1,35200.330754,1,Suspicious
6017,2,24,1,2,0.0,10.24,4,Suspicious,16,17,9,1,,1,Suspicious
7342,4,5,0,3,0.0,0.0,2,Suspicious,16,1,10,1,,1,Suspicious
3373,6,35,0,6,0.0,0.0,0,Suspicious,16,10,10,3,,1,Suspicious
5415,6,24,0,0,0.0,0.0,0,Suspicious,6,10,10,3,943352.773855,1,Suspicious
3701,5,13,0,5,4.0,0.0,1,Suspicious,13,7,10,0,,1,Suspicious
2482,5,4,0,1,1.0,0.0,2,Suspicious,12,16,9,0,,1,Suspicious
1157,3,16,0,5,6.0,0.0,4,Suspicious,16,17,9,1,,1,Suspicious
6449,2,33,4,0,0.0,11.31,4,Suspicious,11,10,10,3,,1,Suspicious
7320,6,25,0,6,0.0,0.0,4,Suspicious,18,11,10,4,1657607.553362,1,Suspicious
4002,4,22,0,0,0.0,0.0,2,Suspicious,18,6,10,6,,1,Suspicious
1795,4,16,0,6,0.0,0.0,4,Suspicious,1,24,9,1,,1,Suspicious
5733,0,16,5,4,0.0,5.55,0,Suspicious,2,5,10,5,1090056.19101,2,Suspicious
1173,0,30,1,0,0.0,18.93,4,Suspicious,7,3,10,3,,1,Suspicious
3099,4,20,0,5,0.0,0.0,2,Suspicious,12,2,10,2,1086168.918642,1,Suspicious
340,4,13,0,0,0.0,0.0,1,Suspicious,22,5,10,5,,1,Suspicious
3235,5,21,0,5,9.0,0.0,4,Suspicious,23,19,9,3,,1,Suspicious
832,4,11,0,0,0.0,0.0,0,Suspicious,21,12,9,3,,1,Suspicious
4984,6,28,0,3,0.0,0.0,0,Suspicious,3,16,9,0,,1,Suspicious
1493,1,24,1,2,0.0,48.58,0,Suspicious,7,9,10,2,253049.410617,1,Suspicious
3589,2,21,4,4,0.0,15.26,0,Suspicious,15,14,9,5,,1,Suspicious
4514,0,28,5,4,0.0,27.53,0,Suspicious,7,19,9,3,,1,Suspicious
1852,4,19,0,0,0.0,0.0,1,Suspicious,21,4,10,4,,1,Suspicious
6922,1,23,6,5,0.0,6.78,4,Suspicious,15,15,9,6,,1,Suspicious
2549,3,21,0,0,6.0,0.0,0,Suspicious,14,12,10,5,1061748.944358,1,Suspicious
2421,5,17,0,1,1.0,0.0,4,Suspicious,1,10,10,3,1339630.166623,1,Suspicious
5556,6,5,0,1,0.0,0.0,0,Suspicious,3,16,9,0,,1,Suspicious
4930,6,0,0,0,0.0,0.0,2,Suspicious,16,1,10,1,1628126.005628,1,Suspicious
2265,0,19,2,2,0.0,6.09,2,Suspicious,17,21,9,5,,1,Suspicious
6466,6,3,0,5,0.0,0.0,0,Suspicious,23,4,10,4,,1,Suspicious
869,0,13,2,3,0.0,24.42,1,Suspicious,22,11,10,4,,1,Suspicious
4134,6,8,0,2,0.0,0.0,0,Suspicious,12,25,9,2,,1,Suspicious
1200,2,30,1,2,0.0,35.86,2,Suspicious,20,13,9,4,,1,Suspicious
6759,3,19,0,6,6.0,0.0,1,Suspicious,6,12,10,5,,1,Suspicious
1156,2,9,4,0,0.0,38.83,1,Suspicious,21,16,9,0,,1,Suspicious
1665,2,23,6,1,0.0,22.37,0,Suspicious,11,14,9,5,,1,Suspicious
3275,4,11,0,3,0.0,0.0,2,Suspicious,7,26,9,3,,1,Suspicious
5907,6,9,0,2,0.0,0.0,4,Suspicious,0,3,10,3,1587316.06116,1,Suspicious
6939,6,20,0,0,0.0,0.0,4,Suspicious,14,12,10,5,,1,Suspicious
3465,6,26,0,5,0.0,0.0,0,Suspicious,0,28,9,5,294912.36948,1,Suspicious
5086,5,12,0,1,5.0,0.0,4,Suspicious,8,28,9,5,,1,Suspicious
4776,4,22,0,0,0.0,0.0,2,Suspicious,15,7,10,0,68200.19232,1,Suspicious
126,3,19,0,3,4.0,0.0,1,Suspicious,19,22,9,6,,1,Suspicious
5465,2,24,1,2,0.0,9.14,4,Suspicious,19,14,9,5,,1,Suspicious
4315,4,11,0,1,0.0,0.0,1,Suspicious,8,5,10,5,,1,Suspicious
2954,4,5,0,1,0.0,0.0,0,Suspicious,11,16,9,0,,1,Suspicious
6934,6,34,0,5,0.0,0.0,0,Suspicious,0,1,10,1,466738.17115,1,Suspicious
514,2,16,5,6,0.0,36.45,0,Suspicious,9,3,10,3,,1,Suspicious
5705,5,16,0,0,3.0,0.0,4,Suspicious,23,12,9,3,,2,Suspicious
965,0,21,4,4,0.0,11.31,1,Suspicious,13,19,9,3,,1,Suspicious
924,6,23,0,3,0.0,0.0,0,Suspicious,11,23,9,0,,1,Suspicious
4159,4,8,0,6,0.0,0.0,1,Suspicious,16,6,10,6,302503.921579,1,Suspicious
593,6,23,0,4,0.0,0.0,4,Suspicious,18,14,9,5,,1,Suspicious
276,2,21,4,2,0.0,15.05,0,Suspicious,20,12,9,3,,1,Suspicious
7103,3,14,0,3,9.0,0.0,1,Suspicious,6,12,10,5,1433782.309021,1,Suspicious
1033,3,16,0,6,3.0,0.0,4,Suspicious,11,19,9,3,,1,Suspicious
4477,2,16,5,0,0.0,32.03,2,Suspicious,16,5,10,5,,1,Suspicious
1406,0,32,3,5,0.0,38.7,0,Suspicious,23,15,9,6,,1,Suspicious
1430,3,0,0,3,8.0,0.0,2,Suspicious,20,4,10,4,,1,Suspicious
6506,1,4,5,0,0.0,34.66,2,Suspicious,14,16,9,0,,1,Suspicious
5967,4,31,0,2,0.0,0.0,4,Suspicious,11,17,9,1,,1,Suspicious
6777,3,32,0,3,8.0,0.0,0,Suspicious,2,9,10,2,,1,Suspicious
2646,5,22,0,6,8.0,0.0,1,Suspicious,1,23,9,0,,1,Suspicious
753,2,26,3,4,0.0,9.0,2,Suspicious,6,21,9,5,115967.973582,1,Suspicious
3581,4,9,0,6,0.0,0.0,4,Suspicious,16,21,9,5,,1,Suspicious
2437,2,32,3,6,0.0,27.26,2,Suspicious,15,27,9,4,,1,Suspicious
120,0,10,5,6,0.0,47.42,0,Suspicious,18,20,9,4,,1,Suspicious
4279,3,15,0,5,3.0,0.0,4,Suspicious,12,4,10,4,1615288.661379,1,Suspicious
6906,3,7,0,0,7.0,0.0,0,Suspicious,18,14,9,5,129758.362368,1,Suspicious
5830,5,7,0,6,10.0,0.0,0,Suspicious,11,5,10,5,402768.913221,1,Suspicious
1449,5,18,0,5,5.0,0.0,0,Suspicious,4,4,10,4,,1,Suspicious
3364,5,34,0,4,9.0,0.0,0,Suspicious,19,28,9,5,108803.311269,1,Suspicious
1310,2,18,1,5,0.0,41.12,4,Suspicious,21,4,10,4,524315.201737,1,Suspicious
1744,6,28,0,6,0.0,0.0,2,Suspicious,7,23,9,0,,1,Suspicious
265,6,22,0,3,0.0,0.0,4,Suspicious,18,25,9,2,63204.865293,1,Suspicious
3306,6,19,0,0,0.0,0.0,0,Suspicious,4,4,10,4,1640145.123052,1,Suspicious
7040,6,28,0,3,0.0,0.0,4,Suspicious,13,8,10,1,271082.45513,1,Suspicious
4895,6,14,0,6,0.0,0.0,4,Suspicious,3,9,10,2,,1,Suspicious
195,1,19,2,5,0.0,27.56,2,Suspicious,5,26,9,3,,1,Suspicious
923,5,5,0,6,5.0,0.0,0,Suspicious,1,26,9,3,,1,Suspicious
5024,2,29,6,1,0.0,8.65,1,Suspicious,2,26,9,3,,1,Suspicious
2295,2,31,2,0,0.0,26.53,4,Suspicious,22,25,9,2,,1,Suspicious
5513,6,34,0,3,0.0,0.0,2,Suspicious,3,8,10,1,,1,Suspicious
5003,2,31,2,2,0.0,34.22,0,Suspicious,6,23,9,0,,1,Suspicious
3395,6,30,0,1,0.0,0.0,1,Suspicious,15,1,10,1,175617.486258,1,Suspicious
6305,6,3,0,5,0.0,0.0,4,Suspicious,22,18,9,2,528910.862669,1,Suspicious
3943,2,19,2,0,0.0,30.95,4,Suspicious,22,6,10,6,538080.935,1,Suspicious
4537,0,33,4,6,0.0,30.37,2,Suspicious,2,27,9,4,,1,Suspicious
5793,1,27,4,3,0.0,15.21,2,Suspicious,11,21,9,5,22193.446204,1,Suspicious
3738,0,25,2,5,0.0,2.99,4,Suspicious,15,13,9,4,,1,Suspicious
4667,0,3,4,0,0.0,10.75,0,Suspicious,1,6,10,6,,1,Suspicious
1379,6,14,0,2,0.0,0.0,2,Suspicious,13,11,10,4,,1,Suspicious
3313,2,4,5,6,0.0,42.07,0,Suspicious,1,6,10,6,,1,Suspicious
3446,2,15,4,4,0.0,17.53,4,Suspicious,4,11,10,4,,1,Suspicious
2410,6,28,0,5,0.0,0.0,4,Suspicious,14,24,9,1,960410.334585,1,Suspicious
2539,1,0,1,4,0.0,30.26,4,Suspicious,2,18,9,2,,1,Suspicious
5620,3,25,0,1,2.0,0.0,4,Suspicious,4,28,9,5,,1,Suspicious
4536,1,32,3,6,0.0,14.6,0,Suspicious,19,29,9,6,737888.063604,1,Suspicious
2187,3,24,0,4,6.0,0.0,0,Suspicious,18,2,10,2,,1,Suspicious
1220,5,28,0,5,2.0,0.0,0,Suspicious,16,30,9,0,,1,Suspicious
7139,0,4,5,0,0.0,33.35,0,Suspicious,19,22,9,6,132530.802418,1,Suspicious
1146,4,30,0,0,0.0,0.0,1,Suspicious,8,8,10,1,910399.252349,1,Suspicious
1890,5,31,0,0,1.0,0.0,0,Suspicious,19,10,10,3,801392.701565,1,Suspicious
5685,3,5,0,1,5.0,0.0,2,Suspicious,3,18,9,2,,1,Suspicious
4938,2,28,5,0,0.0,0.78,2,Suspicious,6,8,10,1,1681364.033718,1,Suspicious
3979,0,15,4,0,0.0,8.28,0,Suspicious,18,2,10,2,653790.588096,1,Suspicious
3292,5,5,0,5,6.0,0.0,2,Suspicious,20,26,9,3,896588.691193,1,Suspicious
591,0,33,4,6,0.0,8.46,2,Suspicious,20,16,9,0,,1,Suspicious
248,0,6,1,4,0.0,8.66,1,Suspicious,14,23,9,0,,1,Suspicious
6240,6,19,0,5,0.0,0.0,2,Suspicious,15,18,9,2,,1,Suspicious
1658,5,24,0,5,4.0,0.0,1,Suspicious,11,7,10,0,1989771.541014,1,Suspicious
7344,4,18,0,2,0.0,0.0,4,Suspicious,20,29,9,6,,1,Suspicious
1624,2,4,5,4,0.0,42.45,4,Suspicious,19,15,9,6,,1,Suspicious
6445,2,9,4,2,0.0,18.61,1,Suspicious,12,28,9,5,77908.939095,1,Suspicious
17,4,14,0,5,0.0,0.0,1,Suspicious,10,30,9,0,,1,Suspicious
1408,5,18,0,4,3.0,0.0,0,Suspicious,23,22,9,6,378893.633289,1,Suspicious
6460,0,3,4,3,0.0,23.39,0,Suspicious,18,21,9,5,,1,Suspicious
3427,4,4,0,4,0.0,0.0,2,Suspicious,21,4,10,4,1497262.05114,1,Suspicious
1411,6,6,0,1,0.0,0.0,0,Suspicious,17,28,9,5,1246668.063498,1,Suspicious
4797,4,13,0,1,0.0,0.0,1,Suspicious,0,3,10,3,,1,Suspicious
2256,5,31,0,2,5.0,0.0,1,Suspicious,11,7,10,0,,1,Suspicious
3855,6,17,0,4,0.0,0.0,0,Suspicious,7,8,10,1,,1,Suspicious
3047,1,8,3,3,0.0,25.96,0,Suspicious,4,25,9,2,,1,Suspicious
5801,3,19,0,5,4.0,0.0,2,Suspicious,17,26,9,3,,1,Suspicious
2002,3,14,0,4,7.0,0.0,1,Suspicious,9,13,9,4,,1,Suspicious
652,5,6,0,0,1.0,0.0,4,Suspicious,13,30,9,0,,1,Suspicious
6869,2,23,6,2,0.0,0.13,4,Suspicious,16,21,9,5,262746.768894,1,Suspicious
2666,1,24,1,1,0.0,29.27,0,Suspicious,11,4,10,4,,1,Suspicious
2308,6,4,0,4,0.0,0.0,4,Suspicious,7,26,9,3,,1,Suspicious
5968,5,25,0,4,4.0,0.0,2,Suspicious,17,7,10,0,1403446.499,1,Suspicious
577,4,25,0,3,0.0,0.0,1,Suspicious,14,13,9,4,,1,Suspicious
4208,3,28,0,6,5.0,0.0,0,Suspicious,15,4,10,4,1699268.951954,1,Suspicious
5484,6,20,0,5,0.0,0.0,0,Suspicious,6,3,10,3,190392.456424,1,Suspicious
5292,1,35,6,1,0.0,6.33,2,Suspicious,13,14,9,5,1038.999735,1,Suspicious
2341,5,26,0,6,9.0,0.0,0,Suspicious,22,16,9,0,,1,Suspicious
2961,0,9,4,4,0.0,21.31,2,Suspicious,6,28,9,5,1215167.392127,1,Suspicious
4232,5,5,0,0,2.0,0.0,1,Suspicious,8,24,9,1,30092.4313,1,Suspicious
4088,6,8,0,0,0.0,0.0,4,Suspicious,23,30,9,0,400618.596105,1,Suspicious
1193,4,16,0,5,0.0,0.0,0,Suspicious,3,19,9,3,,1,Suspicious
3037,2,0,1,0,0.0,9.55,1,Suspicious,2,16,9,0,,1,Suspicious
2513,5,29,0,1,4.0,0.0,1,Suspicious,2,11,10,4,,1,Suspicious
144,5,15,0,4,10.0,0.0,1,Suspicious,4,2,10,2,1321510.295086,1,Suspicious
2332,3,35,0,3,3.0,0.0,4,Suspicious,18,5,10,5,356690.567785,1,Suspicious
1538,4,12,0,5,0.0,0.0,1,Suspicious,4,22,9,6,,1,Suspicious
1427,3,33,0,0,7.0,0.0,4,Suspicious,15,26,9,3,816593.936186,1,Suspicious
4862,4,6,0,0,0.0,0.0,0,Suspicious,6,17,9,1,,1,Suspicious
2151,4,21,0,1,0.0,0.0,4,Suspicious,9,18,9,2,,1,Suspicious
7131,0,14,3,0,0.0,0.88,2,Suspicious,14,29,9,6,,1,Suspicious
1212,6,28,0,1,0.0,0.0,4,Suspicious,9,22,9,6,,1,Suspicious
6738,4,23,0,4,0.0,0.0,1,Suspicious,15,30,9,0,,1,Suspicious
5681,2,25,2,3,0.0,32.52,2,Suspicious,9,2,10,2,151749.236894,1,Suspicious
4532,1,4,5,6,0.0,6.72,2,Suspicious,5,23,9,0,,1,Suspicious
6527,2,28,5,4,0.0,16.08,4,Suspicious,18,19,9,3,,2,Suspicious
4855,2,17,6,6,0.0,4.15,1,Suspicious,14,3,10,3,,1,Suspicious
815,2,9,4,6,0.0,14.95,0,Suspicious,14,16,9,0,116916.028674,1,Suspicious
1878,3,15,0,3,7.0,0.0,2,Suspicious,10,3,10,3,1436729.215967,1,Suspicious
2785,3,17,0,0,5.0,0.0,0,Suspicious,7,24,9,1,,1,Suspicious
3640,1,23,6,1,0.0,20.33,0,Suspicious,10,2,10,2,,1,Suspicious
5399,5,4,0,0,9.0,0.0,0,Suspicious,20,22,9,6,,2,Suspicious
5983,1,17,6,0,0.0,28.41,0,Suspicious,21,14,9,5,,1,Suspicious
4585,6,24,0,4,0.0,0.0,1,Suspicious,1,7,10,0,2084038.97447,1,Suspicious
4080,3,29,0,5,3.0,0.0,4,Suspicious,12,12,10,5,,1,Suspicious
2774,1,9,4,6,0.0,10.03,0,Suspicious,0,17,9,1,,1,Suspicious
3658,3,18,0,2,7.0,0.0,1,Suspicious,0,18,9,2,,1,Suspicious
5456,2,2,3,0,0.0,42.87,4,Suspicious,5,11,10,4,530213.045379,1,Suspicious
2099,5,14,0,3,7.0,0.0,4,Suspicious,0,16,9,0,,1,Suspicious
2253,0,18,1,2,0.0,10.9,0,Suspicious,20,22,9,6,,1,Suspicious
3519,0,23,6,0,0.0,8.31,0,Suspicious,20,27,9,4,,1,Suspicious
4422,4,23,0,4,0.0,0.0,0,Suspicious,5,15,9,6,,1,Suspicious
2383,6,30,0,1,0.0,0.0,1,Suspicious,12,21,9,5,546020.605112,1,Suspicious
5572,5,14,0,4,9.0,0.0,2,Suspicious,0,7,10,0,1962298.384675,1,Suspicious
6365,6,28,0,2,0.0,0.0,1,Suspicious,4,21,9,5,,1,Suspicious
6289,3,26,0,2,10.0,0.0,4,Suspicious,11,18,9,2,,1,Suspicious
3332,1,30,1,4,0.0,49.94,2,Suspicious,9,14,9,5,,1,Suspicious
895,1,32,3,0,0.0,2.07,2,Suspicious,3,8,10,1,904661.350626,1,Suspicious
4563,2,7,2,4,0.0,11.83,2,Suspicious,0,20,9,4,,1,Suspicious
2306,4,17,0,1,0.0,0.0,1,Suspicious,0,28,9,5,128023.574442,1,Suspicious
1202,6,6,0,6,0.0,0.0,4,Suspicious,3,29,9,6,,1,Suspicious
4010,6,33,0,6,0.0,0.0,0,Suspicious,3,26,9,3,,1,Suspicious
2354,1,0,1,1,0.0,21.11,4,Suspicious,14,11,10,4,,1,Suspicious
3376,5,5,0,1,4.0,0.0,0,Suspicious,15,2,10,2,,1,Suspicious
2665,4,27,0,5,0.0,0.0,0,Suspicious,18,20,9,4,94783.272366,1,Suspicious
1151,4,15,0,5,0.0,0.0,4,Suspicious,5,28,9,5,,1,Suspicious
401,0,3,4,3,0.0,47.5,0,Suspicious,14,10,10,3,,1,Suspicious
298,3,15,0,4,9.0,0.0,2,Suspicious,16,11,10,4,1843024.875939,1,Suspicious
5166,6,11,0,2,0.0,0.0,1,Suspicious,0,14,9,5,,1,Suspicious
5005,2,12,1,6,0.0,5.14,4,Suspicious,19,28,9,5,,1,Suspicious
4265,4,12,0,5,0.0,0.0,2,Suspicious,16,11,10,4,,1,Suspicious
1380,0,14,3,0,0.0,7.49,2,Suspicious,12,14,9,5,,1,Suspicious
6407,1,15,4,1,0.0,0.63,1,Suspicious,18,8,10,1,,1,Suspicious
5508,1,5,6,3,0.0,28.92,4,Suspicious,6,19,9,3,,1,Suspicious
2558,3,16,0,5,1.0,0.0,2,Suspicious,14,23,9,0,456263.515985,1,Suspicious
7336,6,16,0,4,0.0,0.0,2,Suspicious,5,22,9,6,210453.901197,1,Suspicious
7149,6,6,0,4,0.0,0.0,2,Suspicious,5,14,9,5,,1,Suspicious
3684,0,0,1,6,0.0,46.52,1,Suspicious,22,17,9,1,,1,Suspicious
3461,0,17,6,5,0.0,48.53,0,Suspicious,19,12,9,3,,1,Suspicious
3187,4,5,0,1,0.0,0.0,1,Suspicious,8,28,9,5,308535.047912,1,Suspicious
6022,0,14,3,6,0.0,17.08,0,Suspicious,18,18,9,2,,1,Suspicious
3771,3,24,0,1,6.0,0.0,0,Suspicious,3,3,10,3,,1,Suspicious
5921,5,17,0,4,5.0,0.0,1,Suspicious,10,2,10,2,,1,Suspicious
4380,2,17,6,0,0.0,4.28,0,Suspicious,17,10,10,3,,1,Suspicious
2053,2,8,3,6,0.0,9.02,1,Suspicious,18,29,9,6,1162148.548938,1,Suspicious
2928,4,9,0,2,0.0,0.0,1,Suspicious,21,10,10,3,,1,Suspicious
4679,4,11,0,0,0.0,0.0,4,Suspicious,0,22,9,6,,1,Suspicious
2628,0,9,4,3,0.0,29.99,2,Suspicious,4,19,9,3,,1,Suspicious
6829,0,31,2,0,0.0,36.31,4,Suspicious,3,24,9,1,,1,Suspicious
5360,6,22,0,0,0.0,0.0,2,Suspicious,7,17,9,1,,1,Suspicious
4476,1,16,5,3,0.0,19.63,1,Suspicious,4,14,9,5,,1,Suspicious
3967,4,31,0,5,0.0,0.0,0,Suspicious,20,12,9,3,,1,Suspicious
988,4,11,0,3,0.0,0.0,4,Suspicious,19,26,9,3,348324.364883,1,Suspicious
3509,1,0,1,6,0.0,0.87,2,Suspicious,17,24,9,1,,1,Suspicious
6729,4,26,0,5,0.0,0.0,2,Suspicious,6,21,9,5,510562.09174,1,Suspicious
6527,4,3,0,0,0.0,0.0,2,Suspicious,6,15,9,6,,2,Suspicious
5656,0,20,3,1,0.0,10.27,4,Suspicious,20,1,10,1,225665.131022,1,Suspicious
7171,4,25,0,2,0.0,0.0,2,Suspicious,12,12,10,5,,1,Suspicious
6399,5,14,0,4,6.0,0.0,1,Suspicious,0,25,9,2,527052.484649,1,Suspicious
157,0,6,1,1,0.0,16.57,4,Suspicious,8,4,10,4,,1,Suspicious
4656,3,0,0,1,1.0,0.0,1,Suspicious,3,19,9,3,,1,Suspicious
3249,5,15,0,1,2.0,0.0,2,Suspicious,8,14,9,5,147863.645416,1,Suspicious
256,1,29,6,2,0.0,42.02,2,Suspicious,11,14,9,5,,1,Suspicious
5767,1,15,4,3,0.0,43.8,0,Suspicious,0,17,9,1,,1,Suspicious
3557,5,4,0,1,7.0,0.0,0,Suspicious,12,3,10,3,50258.18904,1,Suspicious
3549,3,7,0,3,9.0,0.0,4,Suspicious,11,18,9,2,,1,Suspicious
5657,4,3,0,4,0.0,0.0,2,Suspicious,17,9,10,2,2111259.833983,1,Suspicious
851,1,32,3,5,0.0,30.61,1,Suspicious,16,7,10,0,,1,Suspicious
1245,4,7,0,2,0.0,0.0,4,Suspicious,10,10,10,3,330400.304415,1,Suspicious
5549,1,0,1,6,0.0,34.14,0,Suspicious,19,30,9,0,,1,Suspicious
5661,6,6,0,4,0.0,0.0,4,Suspicious,3,2,10,2,719520.83679,1,Suspicious
4173,2,31,2,3,0.0,32.92,2,Suspicious,13,29,9,6,,1,Suspicious
1452,6,29,0,0,0.0,0.0,1,Suspicious,14,14,9,5,,1,Suspicious
6840,1,35,6,1,0.0,21.5,4,Suspicious,23,15,9,6,,1,Suspicious
5708,5,5,0,4,4.0,0.0,2,Suspicious,15,1,10,1,1112946.971427,1,Suspicious
594,4,33,0,4,0.0,0.0,4,Suspicious,22,3,10,3,329507.946011,1,Suspicious
1560,6,27,0,0,0.0,0.0,2,Suspicious,12,28,9,5,,1,Suspicious
4575,5,1,0,1,4.0,0.0,1,Suspicious,20,28,9,5,,1,Suspicious
6892,2,33,4,0,0.0,40.19,0,Suspicious,2,28,9,5,797022.491019,1,Suspicious
621,4,7,0,3,0.0,0.0,4,Suspicious,16,7,10,0,40324.707446,1,Suspicious
6533,2,9,4,4,0.0,1.96,0,Suspicious,5,7,10,0,,1,Suspicious
4300,3,11,0,0,1.0,0.0,1,Suspicious,23,27,9,4,,1,Suspicious
215,6,26,0,1,0.0,0.0,0,Suspicious,7,7,10,0,,1,Suspicious
4523,4,30,0,1,0.0,0.0,4,Suspicious,17,2,10,2,,1,Suspicious
6266,6,24,0,3,0.0,0.0,4,Suspicious,14,11,10,4,416626.232393,1,Suspicious
422,5,32,0,3,7.0,0.0,1,Suspicious,6,29,9,6,47634.112817,1,Suspicious
6871,2,25,2,1,0.0,6.03,1,Suspicious,1,12,10,5,,1,Suspicious
750,2,22,5,5,0.0,4.24,1,Suspicious,10,20,9,4,,1,Suspicious
846,2,2,3,0,0.0,10.3,4,Suspicious,11,12,10,5,1820469.543489,1,Suspicious
3993,6,32,0,3,0.0,0.0,1,Suspicious,17,15,9,6,,1,Suspicious
1867,2,17,6,3,0.0,30.98,1,Suspicious,18,25,9,2,,1,Suspicious
2649,1,17,6,0,0.0,37.6,4,Suspicious,23,27,9,4,,1,Suspicious
6708,5,2,0,5,9.0,0.0,0,Suspicious,23,7,10,0,403005.853286,1,Suspicious
6707,1,29,6,2,0.0,18.33,1,Suspicious,19,20,9,4,,1,Suspicious
1685,2,32,3,0,0.0,8.39,2,Suspicious,12,4,10,4,335458.624535,1,Suspicious
5002,1,15,4,2,0.0,8.66,0,Suspicious,4,20,9,4,,1,Suspicious
2674,4,7,0,2,0.0,0.0,4,Suspicious,7,18,9,2,,1,Suspicious
5684,6,10,0,1,0.0,0.0,0,Suspicious,8,12,10,5,297456.242248,2,Suspicious
6509,2,11,6,1,0.0,35.09,2,Suspicious,23,2,10,2,,1,Suspicious
4287,3,5,0,2,10.0,0.0,2,Suspicious,7,17,9,1,,1,Suspicious
1986,2,5,6,0,0.0,46.3,1,Suspicious,23,25,9,2,,1,Suspicious
57,1,25,2,1,0.0,36.75,1,Suspicious,12,4,10,4,,1,Suspicious
6614,2,34,5,0,0.0,14.29,2,Suspicious,22,20,9,4,,1,Suspicious
5905,3,10,0,6,8.0,0.0,2,Suspicious,22,6,10,6,698986.822423,1,Suspicious
4698,3,19,0,5,3.0,0.0,1,Suspicious,6,1,10,1,1044929.396471,1,Suspicious
5866,6,25,0,5,0.0,0.0,4,Suspicious,2,5,10,5,630748.067649,1,Suspicious
2485,4,8,0,6,0.0,0.0,0,Suspicious,12,28,9,5,,1,Suspicious
4267,0,15,4,0,0.0,8.16,2,Suspicious,5,19,9,3,,1,Suspicious
3041,0,29,6,2,0.0,38.11,4,Suspicious,10,9,10,2,2163057.435737,1,Suspicious
6744,5,6,0,6,9.0,0.0,4,Suspicious,5,6,10,6,1577999.516957,1,Suspicious
5813,2,1,2,4,0.0,49.13,2,Suspicious,19,15,9,6,,1,Suspicious
2320,0,27,4,1,0.0,20.59,1,Suspicious,16,6,10,6,863072.362383,1,Suspicious
7308,6,13,0,4,0.0,0.0,2,Suspicious,13,20,9,4,514856.845055,1,Suspicious
891,6,7,0,0,0.0,0.0,1,Suspicious,11,9,10,2,,1,Suspicious
5384,4,6,0,0,0.0,0.0,4,Suspicious,12,30,9,0,,1,Suspicious
5548,6,5,0,2,0.0,0.0,0,Suspicious,13,20,9,4,,1,Suspicious
6979,2,25,2,1,0.0,49.48,4,Suspicious,0,6,10,6,1780073.720093,1,Suspicious
5308,2,13,2,1,0.0,28.36,0,Suspicious,22,20,9,4,,1,Suspicious
6619,3,31,0,2,4.0,0.0,1,Suspicious,22,14,9,5,,1,Suspicious
2714,2,32,3,2,0.0,30.63,1,Suspicious,3,20,9,4,,1,Suspicious
967,2,4,5,3,0.0,23.0,2,Suspicious,2,14,9,5,,1,Suspicious
2883,2,9,4,4,0.0,4.18,4,Suspicious,19,11,10,4,2394691.907382,1,Suspicious
5094,0,6,1,1,0.0,26.98,1,Suspicious,22,24,9,1,,1,Suspicious
5945,6,14,0,1,0.0,0.0,4,Suspicious,7,19,9,3,,1,Suspicious
2,6,2,0,2,0.0,0.0,4,Suspicious,19,4,10,4,,1,Suspicious
3452,2,1,2,3,0.0,35.41,2,Suspicious,10,24,9,1,,1,Suspicious
3676,6,10,0,5,0.0,0.0,0,Suspicious,14,12,10,5,852319.539622,1,Suspicious
650,2,7,2,4,0.0,40.14,4,Suspicious,8,28,9,5,,1,Suspicious
6254,1,34,5,2,0.0,38.33,0,Suspicious,18,23,9,0,,1,Suspicious
1042,0,13,2,0,0.0,32.79,2,Suspicious,3,3,10,3,1412010.290898,1,Suspicious
3082,6,0,0,5,0.0,0.0,1,Suspicious,21,22,9,6,401859.513494,1,Suspicious
4820,3,18,0,0,4.0,0.0,2,Suspicious,23,30,9,0,,1,Suspicious
1514,4,9,0,2,0.0,0.0,1,Suspicious,6,13,9,4,,1,Suspicious
3128,4,30,0,1,0.0,0.0,2,Suspicious,5,7,10,0,98545.889635,1,Suspicious
5372,6,10,0,1,0.0,0.0,0,Suspicious,3,7,10,0,436434.362651,1,Suspicious
1565,6,10,0,5,0.0,0.0,1,Suspicious,19,14,9,5,,1,Suspicious
4007,5,22,0,0,3.0,0.0,2,Suspicious,18,1,10,1,1342479.718331,1,Suspicious
1338,5,35,0,6,4.0,0.0,2,Suspicious,0,7,10,0,374966.606801,1,Suspicious
2292,1,2,3,3,0.0,47.55,2,Suspicious,7,9,10,2,,1,Suspicious
629,6,6,0,0,0.0,0.0,2,Suspicious,2,8,10,1,,1,Suspicious
334,3,27,0,3,2.0,0.0,2,Suspicious,13,11,10,4,1506062.623924,1,Suspicious
4182,1,15,4,2,0.0,37.74,4,Suspicious,5,3,10,3,1017270.597089,1,Suspicious
553,6,19,0,4,0.0,0.0,4,Suspicious,7,3,10,3,1038320.436338,1,Suspicious
2304,4,1,0,1,0.0,0.0,4,Suspicious,21,16,9,0,,1,Suspicious
3861,2,27,4,6,0.0,10.14,0,Suspicious,9,11,10,4,,1,Suspicious
4264,6,12,0,3,0.0,0.0,2,Suspicious,1,6,10,6,327108.738361,1,Suspicious
5305,3,16,0,6,6.0,0.0,4,Suspicious,3,20,9,4,,1,Suspicious
2404,5,5,0,1,3.0,0.0,2,Suspicious,12,13,9,4,,1,Suspicious
1034,2,20,3,6,0.0,0.81,4,Suspicious,3,18,9,2,,1,Suspicious
6773,6,19,0,6,0.0,0.0,0,Suspicious,16,3,10,3,1375839.468915,1,Suspicious
6222,5,28,0,6,7.0,0.0,0,Suspicious,23,29,9,6,492103.007999,1,Suspicious
2312,6,5,0,3,0.0,0.0,4,Suspicious,11,5,10,5,,1,Suspicious
2737,4,8,0,0,0.0,0.0,1,Suspicious,19,1,10,1,,1,Suspicious
1688,6,1,0,2,0.0,0.0,4,Suspicious,13,26,9,3,,1,Suspicious
1506,0,25,2,1,0.0,42.14,4,Suspicious,5,15,9,6,,1,Suspicious
7293,2,2,3,6,0.0,10.06,0,Suspicious,18,23,9,0,,1,Suspicious
4892,0,23,6,1,0.0,42.62,2,Suspicious,18,7,10,0,,1,Suspicious
329,4,20,0,6,0.0,0.0,1,Suspicious,6,25,9,2,,1,Suspicious
698,6,30,0,0,0.0,0.0,0,Suspicious,19,21,9,5,,1,Suspicious
1274,4,21,0,2,0.0,0.0,2,Suspicious,19,24,9,1,,1,Suspicious
6227,5,15,0,2,2.0,0.0,4,Suspicious,11,14,9,5,,1,Suspicious
5560,6,11,0,3,0.0,0.0,1,Suspicious,12,28,9,5,563958.737972,1,Suspicious
457,3,16,0,5,10.0,0.0,2,Suspicious,19,2,10,2,373952.863676,1,Suspicious
608,5,6,0,5,7.0,0.0,0,Suspicious,21,10,10,3,320449.455852,1,Suspicious
640,6,14,0,0,0.0,0.0,0,Suspicious,16,23,9,0,736272.895082,1,Suspicious
6709,0,27,4,1,0.0,29.95,0,Suspicious,22,25,9,2,,1,Suspicious
2518,4,1,0,6,0.0,0.0,1,Suspicious,1,21,9,5,325631.467974,1,Suspicious
885,1,3,4,1,0.0,40.52,1,Suspicious,21,11,10,4,2195689.619402,1,Suspicious
2521,6,6,0,1,0.0,0.0,1,Suspicious,5,8,10,1,1397974.151188,1,Suspicious
766,3,2,0,3,4.0,0.0,2,Suspicious,2,13,9,4,,1,Suspicious
3267,2,33,4,1,0.0,19.87,2,Suspicious,8,1,10,1,,1,Suspicious
4111,6,13,0,4,0.0,0.0,0,Suspicious,11,12,10,5,2565601.439277,1,Suspicious
3714,3,7,0,0,10.0,0.0,2,Suspicious,21,10,10,3,,1,Suspicious
5159,6,4,0,1,0.0,0.0,4,Suspicious,7,17,9,1,,1,Suspicious
1638,0,5,6,1,0.0,16.14,0,Suspicious,9,26,9,3,,1,Suspicious
6814,3,7,0,0,2.0,0.0,0,Suspicious,18,27,9,4,,1,Suspicious
362,0,31,2,5,0.0,14.37,0,Suspicious,18,27,9,4,,1,Suspicious
3301,3,1,0,3,9.0,0.0,1,Suspicious,21,22,9,6,156088.198122,1,Suspicious
2820,3,6,0,2,5.0,0.0,1,Suspicious,9,8,10,1,1873063.976843,1,Suspicious
1205,1,4,5,6,0.0,6.93,4,Suspicious,8,16,9,0,,1,Suspicious
2654,4,21,0,1,0.0,0.0,1,Suspicious,9,5,10,5,,1,Suspicious
5678,0,3,4,1,0.0,37.4,4,Suspicious,5,30,9,0,1294693.186457,1,Suspicious
4206,0,15,4,0,0.0,19.09,0,Suspicious,2,12,10,5,1240551.05906,1,Suspicious
467,6,4,0,6,0.0,0.0,0,Suspicious,14,18,9,2,,1,Suspicious
6268,0,6,1,4,0.0,41.43,1,Suspicious,7,10,10,3,145332.896199,1,Suspicious
3421,6,12,0,1,0.0,0.0,0,Suspicious,11,23,9,0,,1,Suspicious
7044,5,8,0,4,5.0,0.0,1,Suspicious,19,7,10,0,1659494.718881,1,Suspicious
7257,0,8,3,6,0.0,27.74,0,Suspicious,10,18,9,2,,1,Suspicious
2689,6,8,0,4,0.0,0.0,4,Suspicious,20,2,10,2,119286.704556,1,Suspicious
5700,2,22,5,5,0.0,27.85,1,Suspicious,9,3,10,3,630593.51439,1,Suspicious
3500,3,5,0,2,5.0,0.0,0,Suspicious,13,26,9,3,,1,Suspicious
4999,2,14,3,3,0.0,40.58,4,Suspicious,10,14,9,5,,1,Suspicious
6644,2,23,6,5,0.0,23.53,0,Suspicious,1,1,10,1,,1,Suspicious
2766,1,16,5,2,0.0,46.05,4,Suspicious,1,20,9,4,,1,Suspicious
3451,3,12,0,6,1.0,0.0,0,Suspicious,0,30,9,0,,1,Suspicious
48,0,11,6,3,0.0,49.95,2,Suspicious,16,20,9,4,,1,Suspicious
2490,6,31,0,1,0.0,0.0,2,Suspicious,15,29,9,6,595032.745969,1,Suspicious
4439,0,22,5,3,0.0,21.49,2,Suspicious,20,24,9,1,233511.493704,1,Suspicious
5769,1,3,4,2,0.0,12.61,4,Suspicious,11,14,9,5,,1,Suspicious
2788,3,15,0,1,2.0,0.0,4,Suspicious,20,10,10,3,,1,Suspicious
5276,2,22,5,3,0.0,38.89,4,Suspicious,10,29,9,6,,1,Suspicious
3140,1,7,2,6,0.0,19.6,4,Suspicious,12,17,9,1,,1,Suspicious
571,5,5,0,1,10.0,0.0,1,Suspicious,23,9,10,2,,1,Suspicious
5737,4,0,0,5,0.0,0.0,1,Suspicious,17,5,10,5,,1,Suspicious
1280,3,10,0,0,1.0,0.0,4,Suspicious,4,8,10,1,,1,Suspicious
6157,2,23,6,3,0.0,14.49,2,Suspicious,6,19,9,3,,1,Suspicious
6008,0,14,3,1,0.0,46.7,2,Suspicious,19,17,9,1,,1,Suspicious
3691,0,21,4,1,0.0,40.34,4,Suspicious,7,3,10,3,166549.111531,1,Suspicious
7046,5,25,0,3,3.0,0.0,2,Suspicious,9,13,9,4,,1,Suspicious
2069,2,1,2,4,0.0,39.33,1,Suspicious,20,22,9,6,,1,Suspicious
1314,0,10,5,1,0.0,20.93,1,Suspicious,3,26,9,3,,1,Suspicious
2096,5,28,0,1,5.0,0.0,1,Suspicious,20,29,9,6,113555.969503,1,Suspicious
6026,2,32,3,3,0.0,46.39,2,Suspicious,13,5,10,5,,1,Suspicious
4228,0,28,5,5,0.0,8.04,0,Suspicious,18,17,9,1,,1,Suspicious
6340,2,24,1,0,0.0,48.81,0,Suspicious,18,19,9,3,,1,Suspicious
4168,2,4,5,3,0.0,7.72,1,Suspicious,0,15,9,6,,1,Suspicious
5162,6,26,0,1,0.0,0.0,0,Suspicious,3,7,10,0,,1,Suspicious
4071,3,27,0,4,3.0,0.0,4,Suspicious,13,16,9,0,,1,Suspicious
2937,4,2,0,0,0.0,0.0,2,Suspicious,9,27,9,4,,1,Suspicious
562,3,25,0,3,4.0,0.0,4,Suspicious,3,8,10,1,,1,Suspicious
6327,3,23,0,4,2.0,0.0,0,Suspicious,8,21,9,5,,2,Suspicious
1537,1,31,2,3,0.0,14.58,1,Suspicious,23,21,9,5,,1,Suspicious
1071,2,26,3,2,0.0,17.35,2,Suspicious,20,8,10,1,,1,Suspicious
5063,6,18,0,5,0.0,0.0,2,Suspicious,3,7,10,0,,1,Suspicious
872,3,21,0,2,6.0,0.0,1,Suspicious,22,24,9,1,,1,Suspicious
561,4,35,0,3,0.0,0.0,0,Suspicious,20,8,10,1,221535.25582,1,Suspicious
2616,6,15,0,5,0.0,0.0,1,Suspicious,23,18,9,2,,1,Suspicious
1692,1,22,5,1,0.0,22.21,1,Suspicious,20,22,9,6,240445.487374,1,Suspicious
4603,0,18,1,4,0.0,24.27,0,Suspicious,1,22,9,6,,1,Suspicious
37,2,28,5,6,0.0,21.09,4,Suspicious,8,4,10,4,,1,Suspicious
3484,5,4,0,3,1.0,0.0,1,Suspicious,20,5,10,5,,1,Suspicious
7302,0,11,6,6,0.0,29.24,2,Suspicious,22,16,9,0,,1,Suspicious
1001,2,3,4,0,0.0,14.91,1,Suspicious,10,6,10,6,,1,Suspicious
2894,1,22,5,4,0.0,45.77,4,Suspicious,6,25,9,2,,1,Suspicious
6579,3,8,0,3,8.0,0.0,1,Suspicious,19,25,9,2,1129971.294191,1,Suspicious
464,1,4,5,1,0.0,23.36,2,Suspicious,23,25,9,2,,1,Suspicious
622,3,33,0,5,4.0,0.0,2,Suspicious,21,20,9,4,,1,Suspicious
3846,4,29,0,4,0.0,0.0,0,Suspicious,12,1,10,1,1587475.255713,1,Suspicious
1901,5,18,0,5,4.0,0.0,2,Suspicious,23,26,9,3,,1,Suspicious
2881,3,23,0,6,10.0,0.0,4,Suspicious,6,17,9,1,,1,Suspicious
4611,3,17,0,6,9.0,0.0,2,Suspicious,19,20,9,4,276314.053743,1,Suspicious
2456,1,16,5,3,0.0,3.13,4,Suspicious,3,20,9,4,,1,Suspicious
3598,6,33,0,4,0.0,0.0,2,Suspicious,3,19,9,3,,1,Suspicious
2412,1,8,3,0,0.0,29.57,2,Suspicious,12,5,10,5,463065.060401,1,Suspicious
190,4,7,0,0,0.0,0.0,0,Suspicious,5,2,10,2,1578300.886881,1,Suspicious
4894,6,35,0,4,0.0,0.0,4,Suspicious,9,28,9,5,,1,Suspicious
2873,3,35,0,4,9.0,0.0,4,Suspicious,16,15,9,6,,1,Suspicious
1417,0,0,1,2,0.0,22.6,0,Suspicious,7,10,10,3,,1,Suspicious
3428,3,18,0,4,8.0,0.0,1,Suspicious,12,10,10,3,181960.783871,1,Suspicious
4499,5,4,0,0,2.0,0.0,2,Suspicious,20,25,9,2,,1,Suspicious
2957,1,15,4,4,0.0,34.61,4,Suspicious,12,30,9,0,,1,Suspicious
4832,4,23,0,0,0.0,0.0,2,Suspicious,22,27,9,4,1102950.539016,1,Suspicious
3561,6,9,0,0,0.0,0.0,4,Suspicious,23,5,10,5,1342225.019347,1,Suspicious
2601,1,20,3,4,0.0,20.88,1,Suspicious,10,21,9,5,,1,Suspicious
3398,2,13,2,1,0.0,20.86,1,Suspicious,13,25,9,2,,1,Suspicious
118,4,35,0,2,0.0,0.0,4,Suspicious,10,12,10,5,,1,Suspicious
1829,5,3,0,0,5.0,0.0,2,Suspicious,7,5,10,5,849310.669505,1,Suspicious
5091,3,7,0,6,6.0,0.0,4,Suspicious,0,19,9,3,,2,Suspicious
637,3,3,0,1,10.0,0.0,2,Suspicious,18,13,9,4,,1,Suspicious
188,4,5,0,0,0.0,0.0,2,Suspicious,1,13,9,4,,1,Suspicious
3708,4,18,0,6,0.0,0.0,4,Suspicious,0,30,9,0,,1,Suspicious
360,5,22,0,3,2.0,0.0,2,Suspicious,14,8,10,1,1685285.897356,1,Suspicious
686,4,18,0,6,0.0,0.0,1,Suspicious,21,29,9,6,465770.957836,1,Suspicious
1094,1,10,5,5,0.0,17.68,2,Suspicious,22,4,10,4,211772.906411,1,Suspicious
1569,0,3,4,4,0.0,19.4,1,Suspicious,16,30,9,0,,1,Suspicious
2663,6,23,0,6,0.0,0.0,0,Suspicious,5,19,9,3,,1,Suspicious
4759,1,26,3,5,0.0,40.51,1,Suspicious,15,29,9,6,,1,Suspicious
6663,2,28,5,6,0.0,3.28,1,Suspicious,0,9,10,2,255250.088153,1,Suspicious
6520,1,22,5,0,0.0,47.96,1,Suspicious,10,13,9,4,,1,Suspicious
1933,6,29,0,4,0.0,0.0,0,Suspicious,20,21,9,5,,1,Suspicious
1742,3,31,0,5,8.0,0.0,4,Suspicious,22,27,9,4,,1,Suspicious
5931,6,21,0,3,0.0,0.0,4,Suspicious,23,22,9,6,298151.681924,1,Suspicious
878,5,3,0,5,4.0,0.0,1,Suspicious,7,25,9,2,,1,Suspicious
774,3,18,0,0,4.0,0.0,0,Suspicious,23,26,9,3,410412.41066,1,Suspicious
4496,1,6,1,2,0.0,30.5,1,Suspicious,10,11,10,4,,1,Suspicious
5632,1,15,4,3,0.0,3.86,1,Suspicious,19,13,9,4,,1,Suspicious
4500,4,35,0,6,0.0,0.0,1,Suspicious,1,16,9,0,,1,Suspicious
2257,1,11,6,3,0.0,36.38,0,Suspicious,2,1,10,1,1118497.136912,1,Suspicious
